CREATE TABLE `names` (`i` smallint UNSIGNED NOT NULL UNIQUE,
            `name` varchar(250) NOT NULL UNIQUE,
            PRIMARY KEY(`name`));
CREATE TABLE `prefixes` (`i` smallint UNSIGNED NOT NULL UNIQUE,
            `prefix` varchar(250) NOT NULL UNIQUE,
            PRIMARY KEY(`prefix`));
CREATE TABLE `suffixes` (`i` smallint UNSIGNED NOT NULL UNIQUE,
            `suffix` varchar(250) NOT NULL UNIQUE,
            PRIMARY KEY(`suffix`));
CREATE TABLE `places` (`i` smallint UNSIGNED NOT NULL UNIQUE,
            `place` varchar(250) NOT NULL UNIQUE,
            PRIMARY KEY(`place`));
CREATE TABLE `ranks` (`i` smallint UNSIGNED NOT NULL UNIQUE,
            `rank` varchar(250) NOT NULL UNIQUE,
            PRIMARY KEY(`rank`));
CREATE TABLE `branches` (`i` smallint UNSIGNED NOT NULL UNIQUE,
            `branch` varchar(250) NOT NULL UNIQUE,
            PRIMARY KEY(`branch`));
CREATE TABLE `wars` (`i` smallint UNSIGNED NOT NULL UNIQUE,
            `war` varchar(250) NOT NULL UNIQUE,
            PRIMARY KEY(`war`));
CREATE TABLE `medallions` (`i` smallint UNSIGNED NOT NULL UNIQUE,
            `medallion` varchar(250) NOT NULL UNIQUE,
            PRIMARY KEY(`medallion`));
CREATE TABLE `cemeteries` (`i` smallint UNSIGNED NOT NULL UNIQUE,
            `cemetery` varchar(250) NOT NULL UNIQUE,
            PRIMARY KEY(`cemetery`));
CREATE TABLE `join_last_name` (`id` smallint UNSIGNED NOT NULL,
            `fk_names` smallint UNSIGNED NOT NULL,
            PRIMARY KEY(`id`,`fk_names`),
            FOREIGN KEY(`fk_names`) REFERENCES names(`i`));
CREATE TABLE `join_maiden_name` (`id` smallint UNSIGNED NOT NULL,
            `fk_names` smallint UNSIGNED NOT NULL,
            PRIMARY KEY(`id`,`fk_names`),
            FOREIGN KEY(`fk_names`) REFERENCES names(`i`));
CREATE TABLE `join_first_name` (`id` smallint UNSIGNED NOT NULL,
            `fk_names` smallint UNSIGNED NOT NULL,
            PRIMARY KEY(`id`,`fk_names`),
            FOREIGN KEY(`fk_names`) REFERENCES names(`i`));
CREATE TABLE `join_middle_name` (`id` smallint UNSIGNED NOT NULL,
            `fk_names` smallint UNSIGNED NOT NULL,
            PRIMARY KEY(`id`,`fk_names`),
            FOREIGN KEY(`fk_names`) REFERENCES names(`i`));
CREATE TABLE `join_prefix` (`id` smallint UNSIGNED NOT NULL,
            `fk_prefixes` smallint UNSIGNED NOT NULL,
            PRIMARY KEY(`id`,`fk_prefixes`),
            FOREIGN KEY(`fk_prefixes`) REFERENCES prefixes(`i`));
CREATE TABLE `join_suffix` (`id` smallint UNSIGNED NOT NULL,
            `fk_suffixes` smallint UNSIGNED NOT NULL,
            PRIMARY KEY(`id`,`fk_suffixes`),
            FOREIGN KEY(`fk_suffixes`) REFERENCES suffixes(`i`));
CREATE TABLE `join_birth_place` (`id` smallint UNSIGNED NOT NULL,
            `fk_places` smallint UNSIGNED NOT NULL,
            PRIMARY KEY(`id`,`fk_places`),
            FOREIGN KEY(`fk_places`) REFERENCES places(`i`));
CREATE TABLE `join_death_place` (`id` smallint UNSIGNED NOT NULL,
            `fk_places` smallint UNSIGNED NOT NULL,
            PRIMARY KEY(`id`,`fk_places`),
            FOREIGN KEY(`fk_places`) REFERENCES places(`i`));
CREATE TABLE `join_rank` (`id` smallint UNSIGNED NOT NULL,
            `fk_ranks` smallint UNSIGNED NOT NULL,
            PRIMARY KEY(`id`,`fk_ranks`),
            FOREIGN KEY(`fk_ranks`) REFERENCES ranks(`i`));
CREATE TABLE `join_branch` (`id` smallint UNSIGNED NOT NULL,
            `fk_branches` smallint UNSIGNED NOT NULL,
            PRIMARY KEY(`id`,`fk_branches`),
            FOREIGN KEY(`fk_branches`) REFERENCES branches(`i`));
CREATE TABLE `join_war` (`id` smallint UNSIGNED NOT NULL,
            `fk_wars` smallint UNSIGNED NOT NULL,
            PRIMARY KEY(`id`,`fk_wars`),
            FOREIGN KEY(`fk_wars`) REFERENCES wars(`i`));
CREATE TABLE `join_medallion` (`id` smallint UNSIGNED NOT NULL,
            `fk_medallions` smallint UNSIGNED NOT NULL,
            PRIMARY KEY(`id`,`fk_medallions`),
            FOREIGN KEY(`fk_medallions`) REFERENCES medallions(`i`));
CREATE TABLE `join_cemetery` (`id` smallint UNSIGNED NOT NULL,
            `fk_cemeteries` smallint UNSIGNED NOT NULL,
            PRIMARY KEY(`id`,`fk_cemeteries`),
            FOREIGN KEY(`fk_cemeteries`) REFERENCES cemeteries(`i`));
CREATE TABLE `birth_day` (`id` smallint UNSIGNED NOT NULL,
            `birth_day` tinyint UNSIGNED NOT NULL,
            PRIMARY KEY(`id`,`birth_day`));
CREATE TABLE `birth_month` (`id` smallint UNSIGNED NOT NULL,
            `birth_month` tinyint UNSIGNED NOT NULL,
            PRIMARY KEY(`id`,`birth_month`));
CREATE TABLE `birth_year` (`id` smallint UNSIGNED NOT NULL,
            `birth_year` smallint UNSIGNED NOT NULL,
            PRIMARY KEY(`id`,`birth_year`));
CREATE TABLE `death_day` (`id` smallint UNSIGNED NOT NULL,
            `death_day` tinyint UNSIGNED NOT NULL,
            PRIMARY KEY(`id`,`death_day`));
CREATE TABLE `death_month` (`id` smallint UNSIGNED NOT NULL,
            `death_month` tinyint UNSIGNED NOT NULL,
            PRIMARY KEY(`id`,`death_month`));
CREATE TABLE `death_year` (`id` smallint UNSIGNED NOT NULL,
            `death_year` smallint UNSIGNED NOT NULL,
            PRIMARY KEY(`id`,`death_year`));
CREATE TABLE `entry_day` (`id` smallint UNSIGNED NOT NULL,
            `entry_day` tinyint UNSIGNED NOT NULL,
            PRIMARY KEY(`id`,`entry_day`));
CREATE TABLE `entry_month` (`id` smallint UNSIGNED NOT NULL,
            `entry_month` tinyint UNSIGNED NOT NULL,
            PRIMARY KEY(`id`,`entry_month`));
CREATE TABLE `entry_year` (`id` smallint UNSIGNED NOT NULL,
            `entry_year` smallint UNSIGNED NOT NULL,
            PRIMARY KEY(`id`,`entry_year`));
CREATE TABLE `exit_day` (`id` smallint UNSIGNED NOT NULL,
            `exit_day` tinyint UNSIGNED NOT NULL,
            PRIMARY KEY(`id`,`exit_day`));
CREATE TABLE `exit_month` (`id` smallint UNSIGNED NOT NULL,
            `exit_month` tinyint UNSIGNED NOT NULL,
            PRIMARY KEY(`id`,`exit_month`));
CREATE TABLE `exit_year` (`id` smallint UNSIGNED NOT NULL,
            `exit_year` smallint UNSIGNED NOT NULL,
            PRIMARY KEY(`id`,`exit_year`));
CREATE TABLE `unit` (`id` smallint UNSIGNED NOT NULL,
            `unit` varchar(255) NOT NULL,
            PRIMARY KEY(`id`,`unit`));
CREATE TABLE `service_number` (`id` smallint UNSIGNED NOT NULL,
            `service_number` int UNSIGNED NOT NULL,
            PRIMARY KEY(`id`,`service_number`));
CREATE TABLE `veteran_status_verified` (`id` smallint UNSIGNED NOT NULL,
            `veteran_status_verified` tinyint(1) NOT NULL,
            PRIMARY KEY(`id`,`veteran_status_verified`));
CREATE TABLE `location_in_cemetery` (`id` smallint UNSIGNED NOT NULL,
            `location_in_cemetery` varchar(255) NOT NULL,
            PRIMARY KEY(`id`,`location_in_cemetery`));
CREATE TABLE `find_a_grave_memorial_number` (`id` smallint UNSIGNED NOT NULL,
            `find_a_grave_memorial_number` int UNSIGNED NOT NULL,
            PRIMARY KEY(`id`,`find_a_grave_memorial_number`));
CREATE TABLE `cenotaphs` (`id` smallint UNSIGNED NOT NULL,
            `cenotaphs` varchar(255) NOT NULL,
            PRIMARY KEY(`id`,`cenotaphs`));
CREATE TABLE `notes` (`id` smallint UNSIGNED NOT NULL,
            `notes` varchar(255) NOT NULL,
            PRIMARY KEY(`id`,`notes`));
CREATE TABLE `father_name` (`id` smallint UNSIGNED NOT NULL,
            `father_name` varchar(255) NOT NULL,
            PRIMARY KEY(`id`,`father_name`));
CREATE TABLE `mother_name` (`id` smallint UNSIGNED NOT NULL,
            `mother_name` varchar(255) NOT NULL,
            PRIMARY KEY(`id`,`mother_name`));
CREATE TABLE `spouse_name` (`id` smallint UNSIGNED NOT NULL,
            `spouse_name` varchar(255) NOT NULL,
            PRIMARY KEY(`id`,`spouse_name`));
CREATE TABLE `count` (`id` smallint UNSIGNED NOT NULL,
            `count` smallint UNSIGNED NOT NULL,
            PRIMARY KEY(`id`,`count`));
CREATE TABLE `records_checked` (`id` smallint UNSIGNED NOT NULL,
            `records_checked` tinyint(1) NOT NULL,
            PRIMARY KEY(`id`,`records_checked`));
CREATE TABLE `resident_id` (`id` smallint UNSIGNED NOT NULL,
            `resident_id` varchar(255) NOT NULL,
            PRIMARY KEY(`id`,`resident_id`));
INSERT INTO `names` VALUES (1,"Allen");INSERT INTO `join_last_name` VALUES (0,1);INSERT INTO `join_last_name` VALUES (1,1);INSERT INTO `join_last_name` VALUES (2,1);INSERT INTO `names` VALUES (2,"Almy");INSERT INTO `join_last_name` VALUES (3,2);INSERT INTO `names` VALUES (3,"Anderson");INSERT INTO `join_last_name` VALUES (4,3);INSERT INTO `join_last_name` VALUES (5,3);INSERT INTO `join_last_name` VALUES (6,3);INSERT INTO `join_last_name` VALUES (7,3);INSERT INTO `names` VALUES (4,"Barrows");INSERT INTO `join_last_name` VALUES (8,4);INSERT INTO `names` VALUES (5,"Bemis");INSERT INTO `join_last_name` VALUES (9,5);INSERT INTO `names` VALUES (6,"Bennett");INSERT INTO `join_last_name` VALUES (10,6);INSERT INTO `names` VALUES (7,"Benson");INSERT INTO `join_last_name` VALUES (11,7);INSERT INTO `join_last_name` VALUES (12,7);INSERT INTO `names` VALUES (8,"Bernier");INSERT INTO `join_last_name` VALUES (13,8);INSERT INTO `names` VALUES (9,"Bishop");INSERT INTO `join_last_name` VALUES (14,9);INSERT INTO `names` VALUES (10,"Braley");INSERT INTO `join_last_name` VALUES (15,10);INSERT INTO `names` VALUES (11,"Burt");INSERT INTO `join_last_name` VALUES (16,11);INSERT INTO `names` VALUES (12,"Caldwell");INSERT INTO `join_last_name` VALUES (17,12);INSERT INTO `names` VALUES (13,"Cameron");INSERT INTO `join_last_name` VALUES (18,13);INSERT INTO `names` VALUES (14,"Card");INSERT INTO `join_last_name` VALUES (19,14);INSERT INTO `join_last_name` VALUES (20,14);INSERT INTO `names` VALUES (15,"Carlson");INSERT INTO `join_last_name` VALUES (21,15);INSERT INTO `names` VALUES (16,"Carver");INSERT INTO `join_last_name` VALUES (22,16);INSERT INTO `join_last_name` VALUES (23,16);INSERT INTO `names` VALUES (17,"Caswell");INSERT INTO `join_last_name` VALUES (24,17);INSERT INTO `names` VALUES (18,"Chartier");INSERT INTO `join_last_name` VALUES (25,18);INSERT INTO `names` VALUES (19,"Churchill");INSERT INTO `join_last_name` VALUES (26,19);INSERT INTO `join_last_name` VALUES (27,19);INSERT INTO `names` VALUES (20,"Clark");INSERT INTO `join_last_name` VALUES (28,20);INSERT INTO `join_last_name` VALUES (29,20);INSERT INTO `join_last_name` VALUES (30,20);INSERT INTO `join_last_name` VALUES (31,20);INSERT INTO `join_last_name` VALUES (32,20);INSERT INTO `join_last_name` VALUES (33,20);INSERT INTO `join_last_name` VALUES (34,20);INSERT INTO `join_last_name` VALUES (35,20);INSERT INTO `names` VALUES (21,"Cobb");INSERT INTO `join_last_name` VALUES (36,21);INSERT INTO `join_last_name` VALUES (37,21);INSERT INTO `names` VALUES (22,"Coburn");INSERT INTO `join_last_name` VALUES (38,22);INSERT INTO `names` VALUES (23,"Cole");INSERT INTO `join_last_name` VALUES (39,23);INSERT INTO `names` VALUES (24,"Cook");INSERT INTO `join_last_name` VALUES (40,24);INSERT INTO `names` VALUES (25,"Cushman");INSERT INTO `join_last_name` VALUES (41,25);INSERT INTO `join_last_name` VALUES (42,25);INSERT INTO `names` VALUES (26,"Delano");INSERT INTO `join_last_name` VALUES (43,26);INSERT INTO `names` VALUES (27,"Denson");INSERT INTO `join_last_name` VALUES (44,27);INSERT INTO `names` VALUES (28,"Dickson");INSERT INTO `join_last_name` VALUES (45,28);INSERT INTO `names` VALUES (29,"Dunham");INSERT INTO `join_last_name` VALUES (46,29);INSERT INTO `join_last_name` VALUES (47,29);INSERT INTO `join_last_name` VALUES (48,29);INSERT INTO `join_last_name` VALUES (49,29);INSERT INTO `join_last_name` VALUES (50,29);INSERT INTO `join_last_name` VALUES (51,29);INSERT INTO `names` VALUES (30,"Eastman");INSERT INTO `join_last_name` VALUES (52,30);INSERT INTO `names` VALUES (31,"Eayrs");INSERT INTO `join_last_name` VALUES (53,31);INSERT INTO `names` VALUES (32,"Elliott");INSERT INTO `join_last_name` VALUES (54,32);INSERT INTO `names` VALUES (33,"Elmes");INSERT INTO `join_last_name` VALUES (55,33);INSERT INTO `join_last_name` VALUES (56,33);INSERT INTO `names` VALUES (34,"Enos");INSERT INTO `join_last_name` VALUES (57,34);INSERT INTO `join_last_name` VALUES (58,34);INSERT INTO `names` VALUES (35,"Flansburg");INSERT INTO `join_last_name` VALUES (59,35);INSERT INTO `names` VALUES (36,"Forbes");INSERT INTO `join_last_name` VALUES (60,36);INSERT INTO `names` VALUES (37,"Fuller");INSERT INTO `join_last_name` VALUES (61,37);INSERT INTO `names` VALUES (38,"Gibbs");INSERT INTO `join_last_name` VALUES (62,38);INSERT INTO `names` VALUES (39,"Goodreau");INSERT INTO `join_last_name` VALUES (63,39);INSERT INTO `names` VALUES (40,"Granfield");INSERT INTO `join_last_name` VALUES (64,40);INSERT INTO `names` VALUES (41,"Groce");INSERT INTO `join_last_name` VALUES (65,41);INSERT INTO `names` VALUES (42,"Hall");INSERT INTO `join_last_name` VALUES (66,42);INSERT INTO `names` VALUES (43,"Holmquist");INSERT INTO `join_last_name` VALUES (67,43);INSERT INTO `names` VALUES (44,"Hood");INSERT INTO `join_last_name` VALUES (68,44);INSERT INTO `names` VALUES (45,"Howard");INSERT INTO `join_last_name` VALUES (69,45);INSERT INTO `names` VALUES (46,"Hunter");INSERT INTO `join_last_name` VALUES (70,46);INSERT INTO `names` VALUES (47,"Johnson");INSERT INTO `join_last_name` VALUES (71,47);INSERT INTO `names` VALUES (48,"Jones");INSERT INTO `join_last_name` VALUES (72,48);INSERT INTO `names` VALUES (49,"Keith");INSERT INTO `join_last_name` VALUES (73,49);INSERT INTO `names` VALUES (50,"Kinder");INSERT INTO `join_last_name` VALUES (74,50);INSERT INTO `names` VALUES (51,"Lander");INSERT INTO `join_last_name` VALUES (75,51);INSERT INTO `names` VALUES (52,"Lauder");INSERT INTO `join_last_name` VALUES (75,52);INSERT INTO `names` VALUES (53,"Lefebre");INSERT INTO `join_last_name` VALUES (76,53);INSERT INTO `names` VALUES (54,"Leonard");INSERT INTO `join_last_name` VALUES (77,54);INSERT INTO `names` VALUES (55,"Lincoln");INSERT INTO `join_last_name` VALUES (78,55);INSERT INTO `names` VALUES (56,"Lowther");INSERT INTO `join_last_name` VALUES (79,56);INSERT INTO `names` VALUES (57,"Loyle");INSERT INTO `join_last_name` VALUES (80,57);INSERT INTO `names` VALUES (58,"Makepeace");INSERT INTO `join_last_name` VALUES (81,58);INSERT INTO `names` VALUES (59,"Miller");INSERT INTO `join_last_name` VALUES (82,59);INSERT INTO `names` VALUES (60,"Mitchell");INSERT INTO `join_last_name` VALUES (83,60);INSERT INTO `names` VALUES (61,"Moore");INSERT INTO `join_last_name` VALUES (84,61);INSERT INTO `names` VALUES (62,"Morris");INSERT INTO `join_last_name` VALUES (85,62);INSERT INTO `names` VALUES (63,"Nelson");INSERT INTO `join_last_name` VALUES (86,63);INSERT INTO `names` VALUES (64,"Olsen");INSERT INTO `join_last_name` VALUES (87,64);INSERT INTO `names` VALUES (65,"Peirce");INSERT INTO `join_last_name` VALUES (88,65);INSERT INTO `names` VALUES (66,"Eugene");INSERT INTO `join_first_name` VALUES (0,66);INSERT INTO `names` VALUES (67,"Frederic");INSERT INTO `join_first_name` VALUES (1,67);INSERT INTO `names` VALUES (68,"Walter");INSERT INTO `join_first_name` VALUES (2,68);INSERT INTO `names` VALUES (69,"George");INSERT INTO `join_first_name` VALUES (3,69);INSERT INTO `names` VALUES (70,"Frederick");INSERT INTO `join_first_name` VALUES (4,70);INSERT INTO `names` VALUES (71,"Harry");INSERT INTO `join_first_name` VALUES (5,71);INSERT INTO `names` VALUES (72,"Julian");INSERT INTO `join_first_name` VALUES (6,72);INSERT INTO `names` VALUES (73,"Robert");INSERT INTO `join_first_name` VALUES (7,73);INSERT INTO `join_first_name` VALUES (8,69);INSERT INTO `names` VALUES (74,"Edson");INSERT INTO `join_first_name` VALUES (9,74);INSERT INTO `names` VALUES (75,"Nathan");INSERT INTO `join_first_name` VALUES (10,75);INSERT INTO `names` VALUES (76,"John");INSERT INTO `join_first_name` VALUES (11,76);INSERT INTO `names` VALUES (77,"Peleg");INSERT INTO `join_first_name` VALUES (12,77);INSERT INTO `names` VALUES (78,"William");INSERT INTO `join_first_name` VALUES (13,78);INSERT INTO `names` VALUES (79,"Israel");INSERT INTO `join_first_name` VALUES (14,79);INSERT INTO `join_first_name` VALUES (15,68);INSERT INTO `names` VALUES (80,"Arthur");INSERT INTO `join_first_name` VALUES (16,80);INSERT INTO `names` VALUES (81,"Harrison");INSERT INTO `join_first_name` VALUES (17,81);INSERT INTO `names` VALUES (82,"Bertram");INSERT INTO `join_first_name` VALUES (18,82);INSERT INTO `names` VALUES (83,"Edward");INSERT INTO `join_first_name` VALUES (19,83);INSERT INTO `names` VALUES (84,"Harold");INSERT INTO `join_first_name` VALUES (20,84);INSERT INTO `join_first_name` VALUES (21,76);INSERT INTO `names` VALUES (85,"Charles");INSERT INTO `join_first_name` VALUES (22,85);INSERT INTO `join_first_name` VALUES (23,76);INSERT INTO `names` VALUES (86,"Abram");INSERT INTO `join_first_name` VALUES (24,86);INSERT INTO `names` VALUES (87,"Joseph");INSERT INTO `join_first_name` VALUES (25,87);INSERT INTO `names` VALUES (88,"Stanley");INSERT INTO `join_first_name` VALUES (26,88);INSERT INTO `names` VALUES (89,"Theodore");INSERT INTO `join_first_name` VALUES (27,89);INSERT INTO `names` VALUES (90,"Abisha");INSERT INTO `join_first_name` VALUES (28,90);INSERT INTO `join_first_name` VALUES (29,90);INSERT INTO `join_first_name` VALUES (30,85);INSERT INTO `names` VALUES (91,"Elisha");INSERT INTO `join_first_name` VALUES (31,91);INSERT INTO `names` VALUES (92,"Myra");INSERT INTO `join_first_name` VALUES (32,92);INSERT INTO `names` VALUES (93,"Noah");INSERT INTO `join_first_name` VALUES (33,93);INSERT INTO `names` VALUES (94,"Richard");INSERT INTO `join_first_name` VALUES (34,94);INSERT INTO `names` VALUES (95,"Winthrop");INSERT INTO `join_first_name` VALUES (35,95);INSERT INTO `names` VALUES (96,"Jonathan");INSERT INTO `join_first_name` VALUES (36,96);INSERT INTO `join_first_name` VALUES (37,87);INSERT INTO `join_first_name` VALUES (38,73);INSERT INTO `names` VALUES (97,"Archippus");INSERT INTO `join_first_name` VALUES (39,97);INSERT INTO `names` VALUES (98,"Norman");INSERT INTO `join_first_name` VALUES (40,98);INSERT INTO `names` VALUES (99,"Abraham");INSERT INTO `join_first_name` VALUES (41,99);INSERT INTO `names` VALUES (100,"Clarence");INSERT INTO `join_first_name` VALUES (42,100);INSERT INTO `names` VALUES (101,"Ray");INSERT INTO `join_first_name` VALUES (43,101);INSERT INTO `names` VALUES (102,"James");INSERT INTO `join_first_name` VALUES (44,102);INSERT INTO `names` VALUES (103,"Everett");INSERT INTO `join_first_name` VALUES (45,103);INSERT INTO `names` VALUES (104,"Carlton");INSERT INTO `join_first_name` VALUES (46,104);INSERT INTO `join_first_name` VALUES (47,84);INSERT INTO `names` VALUES (105,"Leslie");INSERT INTO `join_first_name` VALUES (48,105);INSERT INTO `names` VALUES (106,"Myron");INSERT INTO `join_first_name` VALUES (49,106);INSERT INTO `join_first_name` VALUES (50,78);INSERT INTO `join_first_name` VALUES (51,78);INSERT INTO `join_first_name` VALUES (52,69);INSERT INTO `names` VALUES (107,"Weston");INSERT INTO `join_first_name` VALUES (53,107);INSERT INTO `names` VALUES (108,"Benjamin");INSERT INTO `join_first_name` VALUES (54,108);INSERT INTO `names` VALUES (109,"Guy");INSERT INTO `join_first_name` VALUES (55,109);INSERT INTO `join_first_name` VALUES (56,109);INSERT INTO `join_first_name` VALUES (57,78);INSERT INTO `join_first_name` VALUES (58,78);INSERT INTO `join_first_name` VALUES (59,76);INSERT INTO `names` VALUES (110,"Laban");INSERT INTO `join_first_name` VALUES (60,110);INSERT INTO `names` VALUES (111,"Lucius");INSERT INTO `join_first_name` VALUES (61,111);INSERT INTO `names` VALUES (112,"Ernest");INSERT INTO `join_first_name` VALUES (62,112);INSERT INTO `join_first_name` VALUES (63,80);INSERT INTO `join_first_name` VALUES (64,78);INSERT INTO `names` VALUES (113,"Herbert");INSERT INTO `join_first_name` VALUES (65,113);INSERT INTO `names` VALUES (114,"Cyrus");INSERT INTO `join_first_name` VALUES (66,114);INSERT INTO `join_first_name` VALUES (67,85);INSERT INTO `join_first_name` VALUES (68,78);INSERT INTO `join_first_name` VALUES (69,103);INSERT INTO `join_first_name` VALUES (70,85);INSERT INTO `names` VALUES (115,"Curtis");INSERT INTO `join_first_name` VALUES (71,115);INSERT INTO `join_first_name` VALUES (72,76);INSERT INTO `join_first_name` VALUES (73,87);INSERT INTO `names` VALUES (116,"Thomas");INSERT INTO `join_first_name` VALUES (74,116);INSERT INTO `join_first_name` VALUES (75,78);INSERT INTO `join_first_name` VALUES (76,63);INSERT INTO `names` VALUES (117,"Stephen");INSERT INTO `join_first_name` VALUES (77,117);INSERT INTO `names` VALUES (118,"Earl");INSERT INTO `join_first_name` VALUES (78,118);INSERT INTO `names` VALUES (119,"Llewellyn");INSERT INTO `join_first_name` VALUES (79,119);INSERT INTO `join_first_name` VALUES (80,76);INSERT INTO `names` VALUES (120,"Alvin");INSERT INTO `join_first_name` VALUES (81,120);INSERT INTO `join_first_name` VALUES (82,76);INSERT INTO `join_first_name` VALUES (83,76);INSERT INTO `join_first_name` VALUES (84,98);INSERT INTO `join_first_name` VALUES (85,100);INSERT INTO `names` VALUES (121,"Samuel");INSERT INTO `join_first_name` VALUES (86,121);INSERT INTO `names` VALUES (122,"Olaf");INSERT INTO `join_first_name` VALUES (87,122);INSERT INTO `names` VALUES (123,"Abodi");INSERT INTO `join_first_name` VALUES (88,123);INSERT INTO `names` VALUES (124,"Arodi");INSERT INTO `join_first_name` VALUES (88,124);INSERT INTO `join_middle_name` VALUES (0,83);INSERT INTO `names` VALUES (125,"C");INSERT INTO `join_middle_name` VALUES (1,125);INSERT INTO `names` VALUES (126,"Kempton");INSERT INTO `join_middle_name` VALUES (2,126);INSERT INTO `names` VALUES (127,"L");INSERT INTO `join_middle_name` VALUES (3,127);INSERT INTO `names` VALUES (128,"Leon");INSERT INTO `join_middle_name` VALUES (4,128);INSERT INTO `names` VALUES (129,"T");INSERT INTO `join_middle_name` VALUES (5,129);INSERT INTO `join_middle_name` VALUES (7,127);INSERT INTO `names` VALUES (130,"M");INSERT INTO `join_middle_name` VALUES (9,130);INSERT INTO `names` VALUES (131,"Andrew");INSERT INTO `join_middle_name` VALUES (11,131);INSERT INTO `names` VALUES (132,"F");INSERT INTO `join_middle_name` VALUES (12,132);INSERT INTO `names` VALUES (133,"Leo");INSERT INTO `join_middle_name` VALUES (13,133);INSERT INTO `names` VALUES (134,"S");INSERT INTO `join_middle_name` VALUES (14,134);INSERT INTO `names` VALUES (135,"A");INSERT INTO `join_middle_name` VALUES (15,135);INSERT INTO `join_middle_name` VALUES (16,129);INSERT INTO `join_middle_name` VALUES (17,130);INSERT INTO `names` VALUES (136,"Novell");INSERT INTO `join_middle_name` VALUES (18,136);INSERT INTO `names` VALUES (137,"Wilson");INSERT INTO `join_middle_name` VALUES (19,137);INSERT INTO `join_middle_name` VALUES (20,83);INSERT INTO `join_middle_name` VALUES (21,78);INSERT INTO `names` VALUES (138,"Stearns");INSERT INTO `join_middle_name` VALUES (22,138);INSERT INTO `names` VALUES (139,"H");INSERT INTO `join_middle_name` VALUES (24,139);INSERT INTO `names` VALUES (140,"E");INSERT INTO `join_middle_name` VALUES (25,140);INSERT INTO `join_middle_name` VALUES (26,127);INSERT INTO `names` VALUES (141,"Chester");INSERT INTO `join_middle_name` VALUES (27,141);INSERT INTO `join_middle_name` VALUES (28,129);INSERT INTO `join_middle_name` VALUES (29,129);INSERT INTO `join_middle_name` VALUES (30,95);INSERT INTO `join_middle_name` VALUES (32,1);INSERT INTO `join_middle_name` VALUES (34,127);INSERT INTO `names` VALUES (142,"Howes");INSERT INTO `join_middle_name` VALUES (35,142);INSERT INTO `join_middle_name` VALUES (37,129);INSERT INTO `join_middle_name` VALUES (38,132);INSERT INTO `names` VALUES (143,"Frank");INSERT INTO `join_middle_name` VALUES (40,143);INSERT INTO `join_middle_name` VALUES (41,139);INSERT INTO `names` VALUES (144,"LeRoy");INSERT INTO `join_middle_name` VALUES (42,144);INSERT INTO `names` VALUES (145,"Osborne");INSERT INTO `join_middle_name` VALUES (43,145);INSERT INTO `join_middle_name` VALUES (44,83);INSERT INTO `names` VALUES (146,"Dalton");INSERT INTO `join_middle_name` VALUES (45,146);INSERT INTO `names` VALUES (147,"Maxwell");INSERT INTO `join_middle_name` VALUES (46,147);INSERT INTO `join_middle_name` VALUES (47,55);INSERT INTO `join_middle_name` VALUES (48,127);INSERT INTO `join_middle_name` VALUES (49,3);INSERT INTO `join_middle_name` VALUES (50,132);INSERT INTO `join_middle_name` VALUES (51,139);INSERT INTO `names` VALUES (148,"R");INSERT INTO `join_middle_name` VALUES (52,148);INSERT INTO `join_middle_name` VALUES (54,143);INSERT INTO `join_middle_name` VALUES (55,98);INSERT INTO `join_middle_name` VALUES (56,98);INSERT INTO `join_middle_name` VALUES (57,139);INSERT INTO `join_middle_name` VALUES (58,127);INSERT INTO `names` VALUES (149,"W");INSERT INTO `join_middle_name` VALUES (59,149);INSERT INTO `names` VALUES (150,"Porter");INSERT INTO `join_middle_name` VALUES (60,150);INSERT INTO `join_middle_name` VALUES (61,130);INSERT INTO `join_middle_name` VALUES (62,55);INSERT INTO `join_middle_name` VALUES (63,66);INSERT INTO `join_middle_name` VALUES (64,135);INSERT INTO `join_middle_name` VALUES (65,135);INSERT INTO `join_middle_name` VALUES (67,83);INSERT INTO `join_middle_name` VALUES (68,118);INSERT INTO `join_middle_name` VALUES (69,68);INSERT INTO `join_middle_name` VALUES (70,71);INSERT INTO `names` VALUES (151,"Roy");INSERT INTO `join_middle_name` VALUES (71,151);INSERT INTO `names` VALUES (152,"J");INSERT INTO `join_middle_name` VALUES (72,152);INSERT INTO `join_middle_name` VALUES (74,83);INSERT INTO `names` VALUES (153,"Jay");INSERT INTO `join_middle_name` VALUES (75,153);INSERT INTO `names` VALUES (154,"Christrian");INSERT INTO `join_middle_name` VALUES (76,154);INSERT INTO `names` VALUES (155,"Henry");INSERT INTO `join_middle_name` VALUES (77,155);INSERT INTO `names` VALUES (156,"Gleason");INSERT INTO `join_middle_name` VALUES (78,156);INSERT INTO `join_middle_name` VALUES (81,134);INSERT INTO `names` VALUES (157,"Hillman");INSERT INTO `join_middle_name` VALUES (82,157);INSERT INTO `join_middle_name` VALUES (84,155);INSERT INTO `names` VALUES (158,"V");INSERT INTO `join_middle_name` VALUES (85,158);INSERT INTO `prefixes` VALUES (1,"Dr.");INSERT INTO `join_prefix` VALUES (0,1);INSERT INTO `prefixes` VALUES (2,"Hon. Judge");INSERT INTO `join_prefix` VALUES (7,2);INSERT INTO `join_prefix` VALUES (18,1);INSERT INTO `prefixes` VALUES (3,"Deacon");INSERT INTO `join_prefix` VALUES (31,3);INSERT INTO `prefixes` VALUES (4,"Rev.");INSERT INTO `join_prefix` VALUES (86,4);INSERT INTO `suffixes` VALUES (1,"Jr.");INSERT INTO `join_suffix` VALUES (5,1);INSERT INTO `suffixes` VALUES (2,"Sr.");INSERT INTO `join_suffix` VALUES (34,2);INSERT INTO `join_suffix` VALUES (43,1);INSERT INTO `suffixes` VALUES (3,"DVM");INSERT INTO `join_suffix` VALUES (43,3);INSERT INTO `suffixes` VALUES (4,"III");INSERT INTO `join_suffix` VALUES (53,4);INSERT INTO `join_suffix` VALUES (55,1);INSERT INTO `join_suffix` VALUES (56,2);INSERT INTO `join_suffix` VALUES (67,2);INSERT INTO `join_suffix` VALUES (71,2);INSERT INTO `join_suffix` VALUES (83,1);INSERT INTO `places` VALUES (1,"Middleborough");INSERT INTO `join_birth_place` VALUES (0,1);INSERT INTO `join_birth_place` VALUES (7,1);INSERT INTO `places` VALUES (2,"South Middleborough");INSERT INTO `join_birth_place` VALUES (11,2);INSERT INTO `join_birth_place` VALUES (12,1);INSERT INTO `places` VALUES (3,"Rochester");INSERT INTO `join_birth_place` VALUES (14,3);INSERT INTO `join_birth_place` VALUES (28,1);INSERT INTO `join_birth_place` VALUES (33,1);INSERT INTO `join_birth_place` VALUES (47,1);INSERT INTO `places` VALUES (4,"Memphis, MI");INSERT INTO `join_birth_place` VALUES (50,4);INSERT INTO `join_birth_place` VALUES (51,3);INSERT INTO `places` VALUES (5,"Canada");INSERT INTO `join_birth_place` VALUES (52,5);INSERT INTO `places` VALUES (6,"New York");INSERT INTO `join_birth_place` VALUES (59,6);INSERT INTO `places` VALUES (7,"Bridgewater");INSERT INTO `join_birth_place` VALUES (60,7);INSERT INTO `join_birth_place` VALUES (73,7);INSERT INTO `places` VALUES (8,"Norton");INSERT INTO `join_birth_place` VALUES (81,8);INSERT INTO `join_birth_place` VALUES (86,1);INSERT INTO `places` VALUES (9,"Manhattan, NY");INSERT INTO `join_death_place` VALUES (0,9);INSERT INTO `places` VALUES (10,"Bayonne, Département des Pyrénées-Atlantiques, Aquitaine, France");INSERT INTO `join_death_place` VALUES (6,10);INSERT INTO `places` VALUES (11,"Naples, FL");INSERT INTO `join_death_place` VALUES (7,11);INSERT INTO `join_death_place` VALUES (11,1);INSERT INTO `places` VALUES (12,"Washington DC");INSERT INTO `join_death_place` VALUES (12,12);INSERT INTO `join_death_place` VALUES (14,1);INSERT INTO `places` VALUES (13,"Fairhaven");INSERT INTO `join_death_place` VALUES (24,13);INSERT INTO `join_death_place` VALUES (28,1);INSERT INTO `join_death_place` VALUES (33,1);INSERT INTO `join_death_place` VALUES (50,1);INSERT INTO `places` VALUES (14,"Taunton");INSERT INTO `join_death_place` VALUES (52,14);INSERT INTO `join_death_place` VALUES (59,1);INSERT INTO `join_death_place` VALUES (60,14);INSERT INTO `join_death_place` VALUES (73,1);INSERT INTO `places` VALUES (15,"Frederick County, VA");INSERT INTO `join_death_place` VALUES (77,15);INSERT INTO `join_death_place` VALUES (81,1);INSERT INTO `ranks` VALUES (1,"E2");INSERT INTO `join_rank` VALUES (1,1);INSERT INTO `ranks` VALUES (2,"S1");INSERT INTO `join_rank` VALUES (4,2);INSERT INTO `ranks` VALUES (3,"Private");INSERT INTO `join_rank` VALUES (6,3);INSERT INTO `ranks` VALUES (4,"Lieutenant");INSERT INTO `join_rank` VALUES (7,4);INSERT INTO `ranks` VALUES (5,"SU3");INSERT INTO `join_rank` VALUES (9,5);INSERT INTO `ranks` VALUES (6,"Captain");INSERT INTO `join_rank` VALUES (11,6);INSERT INTO `ranks` VALUES (7,"Private 1st Class 1");INSERT INTO `join_rank` VALUES (13,7);INSERT INTO `join_rank` VALUES (14,3);INSERT INTO `join_rank` VALUES (16,3);INSERT INTO `ranks` VALUES (8,"Private 1st Class");INSERT INTO `join_rank` VALUES (17,8);INSERT INTO `ranks` VALUES (9,"Capt.");INSERT INTO `join_rank` VALUES (18,9);INSERT INTO `join_rank` VALUES (19,8);INSERT INTO `ranks` VALUES (10,"Flt O");INSERT INTO `join_rank` VALUES (20,10);INSERT INTO `ranks` VALUES (11,"TEC 5");INSERT INTO `join_rank` VALUES (21,11);INSERT INTO `join_rank` VALUES (23,6);INSERT INTO `join_rank` VALUES (25,3);INSERT INTO `ranks` VALUES (12,"Seaman 1st Class");INSERT INTO `join_rank` VALUES (26,12);INSERT INTO `join_rank` VALUES (27,11);INSERT INTO `ranks` VALUES (13,"Lieutenant Commander (N.C.)");INSERT INTO `join_rank` VALUES (32,13);INSERT INTO `ranks` VALUES (14,"Corporal");INSERT INTO `join_rank` VALUES (34,14);INSERT INTO `ranks` VALUES (15,"Major");INSERT INTO `join_rank` VALUES (35,15);INSERT INTO `join_rank` VALUES (36,6);INSERT INTO `join_rank` VALUES (38,14);INSERT INTO `ranks` VALUES (16,"TEC Specialist 4");INSERT INTO `join_rank` VALUES (40,16);INSERT INTO `join_rank` VALUES (43,8);INSERT INTO `ranks` VALUES (17,"A2C");INSERT INTO `join_rank` VALUES (44,17);INSERT INTO `ranks` VALUES (18,"Private (Cook)");INSERT INTO `join_rank` VALUES (46,18);INSERT INTO `join_rank` VALUES (47,14);INSERT INTO `join_rank` VALUES (48,14);INSERT INTO `ranks` VALUES (19,"CMI");INSERT INTO `join_rank` VALUES (49,19);INSERT INTO `ranks` VALUES (20,"TM2");INSERT INTO `join_rank` VALUES (55,20);INSERT INTO `join_rank` VALUES (58,14);INSERT INTO `join_rank` VALUES (66,3);INSERT INTO `join_rank` VALUES (67,14);INSERT INTO `join_rank` VALUES (68,3);INSERT INTO `ranks` VALUES (21,"Staff Sergeant");INSERT INTO `join_rank` VALUES (69,21);INSERT INTO `ranks` VALUES (22,"TEC5");INSERT INTO `join_rank` VALUES (71,22);INSERT INTO `join_rank` VALUES (73,6);INSERT INTO `ranks` VALUES (23,"Sergeant Ordance");INSERT INTO `join_rank` VALUES (75,23);INSERT INTO `join_rank` VALUES (76,14);INSERT INTO `join_rank` VALUES (77,3);INSERT INTO `ranks` VALUES (24,"Private.");INSERT INTO `join_rank` VALUES (78,24);INSERT INTO `join_rank` VALUES (79,8);INSERT INTO `join_rank` VALUES (80,3);INSERT INTO `join_rank` VALUES (82,3);INSERT INTO `join_rank` VALUES (83,21);INSERT INTO `join_rank` VALUES (84,8);INSERT INTO `join_rank` VALUES (85,8);INSERT INTO `branches` VALUES (1,"US Navy");INSERT INTO `join_branch` VALUES (1,1);INSERT INTO `join_branch` VALUES (4,1);INSERT INTO `branches` VALUES (2,"US Army");INSERT INTO `join_branch` VALUES (6,2);INSERT INTO `join_branch` VALUES (7,1);INSERT INTO `join_branch` VALUES (8,2);INSERT INTO `branches` VALUES (3,"US Naval Reserve Forces");INSERT INTO `join_branch` VALUES (9,3);INSERT INTO `join_branch` VALUES (11,1);INSERT INTO `join_branch` VALUES (12,2);INSERT INTO `branches` VALUES (4,"US Coast Guard");INSERT INTO `join_branch` VALUES (15,4);INSERT INTO `branches` VALUES (5,"US Guards");INSERT INTO `join_branch` VALUES (17,5);INSERT INTO `join_branch` VALUES (18,2);INSERT INTO `join_branch` VALUES (19,2);INSERT INTO `branches` VALUES (6,"US Army Air Force");INSERT INTO `join_branch` VALUES (20,6);INSERT INTO `join_branch` VALUES (24,2);INSERT INTO `join_branch` VALUES (25,2);INSERT INTO `join_branch` VALUES (26,1);INSERT INTO `join_branch` VALUES (27,2);INSERT INTO `join_branch` VALUES (32,1);INSERT INTO `join_branch` VALUES (34,2);INSERT INTO `join_branch` VALUES (35,2);INSERT INTO `join_branch` VALUES (38,6);INSERT INTO `join_branch` VALUES (40,2);INSERT INTO `join_branch` VALUES (43,2);INSERT INTO `branches` VALUES (7,"US Air Force");INSERT INTO `join_branch` VALUES (44,7);INSERT INTO `join_branch` VALUES (46,2);INSERT INTO `join_branch` VALUES (47,2);INSERT INTO `join_branch` VALUES (49,1);INSERT INTO `join_branch` VALUES (51,2);INSERT INTO `join_branch` VALUES (52,2);INSERT INTO `join_branch` VALUES (55,1);INSERT INTO `join_branch` VALUES (58,2);INSERT INTO `branches` VALUES (8,"US Army ?");INSERT INTO `join_branch` VALUES (64,8);INSERT INTO `branches` VALUES (9,"US Army Air Corps");INSERT INTO `join_branch` VALUES (67,9);INSERT INTO `branches` VALUES (10,"US Marine Corps");INSERT INTO `join_branch` VALUES (68,10);INSERT INTO `join_branch` VALUES (69,9);INSERT INTO `join_branch` VALUES (70,10);INSERT INTO `join_branch` VALUES (71,6);INSERT INTO `join_branch` VALUES (73,2);INSERT INTO `join_branch` VALUES (76,2);INSERT INTO `join_branch` VALUES (77,2);INSERT INTO `join_branch` VALUES (78,2);INSERT INTO `join_branch` VALUES (79,10);INSERT INTO `join_branch` VALUES (80,2);INSERT INTO `join_branch` VALUES (83,2);INSERT INTO `join_branch` VALUES (84,2);INSERT INTO `wars` VALUES (1,"WW II (1939 - 1945)");INSERT INTO `join_war` VALUES (0,1);INSERT INTO `join_war` VALUES (1,1);INSERT INTO `join_war` VALUES (2,1);INSERT INTO `wars` VALUES (2,"WW I (1914 - 1918)");INSERT INTO `join_war` VALUES (3,2);INSERT INTO `join_war` VALUES (4,1);INSERT INTO `join_war` VALUES (5,1);INSERT INTO `join_war` VALUES (6,2);INSERT INTO `join_war` VALUES (7,1);INSERT INTO `wars` VALUES (3,"Korean War (1950 - 1953)");INSERT INTO `join_war` VALUES (7,3);INSERT INTO `wars` VALUES (4,"GAR / Civil War (1861 - 1865)");INSERT INTO `join_war` VALUES (8,4);INSERT INTO `join_war` VALUES (9,2);INSERT INTO `wars` VALUES (5,"SAR / Revolutionary War (1775 - 1783)");INSERT INTO `join_war` VALUES (10,5);INSERT INTO `join_war` VALUES (11,4);INSERT INTO `join_war` VALUES (12,4);INSERT INTO `join_war` VALUES (14,4);INSERT INTO `wars` VALUES (6,"Vietnam War (1954 - 1975)");INSERT INTO `join_war` VALUES (15,6);INSERT INTO `join_war` VALUES (16,2);INSERT INTO `join_war` VALUES (17,2);INSERT INTO `join_war` VALUES (18,1);INSERT INTO `join_war` VALUES (19,2);INSERT INTO `join_war` VALUES (20,1);INSERT INTO `join_war` VALUES (21,1);INSERT INTO `join_war` VALUES (22,2);INSERT INTO `join_war` VALUES (24,4);INSERT INTO `join_war` VALUES (25,2);INSERT INTO `join_war` VALUES (26,1);INSERT INTO `join_war` VALUES (27,1);INSERT INTO `join_war` VALUES (28,4);INSERT INTO `join_war` VALUES (31,4);INSERT INTO `join_war` VALUES (32,1);INSERT INTO `join_war` VALUES (34,3);INSERT INTO `join_war` VALUES (35,1);INSERT INTO `join_war` VALUES (35,3);INSERT INTO `join_war` VALUES (37,4);INSERT INTO `join_war` VALUES (38,1);INSERT INTO `join_war` VALUES (39,5);INSERT INTO `join_war` VALUES (40,1);INSERT INTO `join_war` VALUES (43,1);INSERT INTO `join_war` VALUES (44,3);INSERT INTO `join_war` VALUES (46,2);INSERT INTO `join_war` VALUES (47,2);INSERT INTO `join_war` VALUES (48,2);INSERT INTO `join_war` VALUES (49,1);INSERT INTO `join_war` VALUES (50,2);INSERT INTO `join_war` VALUES (51,4);INSERT INTO `join_war` VALUES (52,4);INSERT INTO `join_war` VALUES (53,6);INSERT INTO `join_war` VALUES (54,4);INSERT INTO `join_war` VALUES (56,1);INSERT INTO `join_war` VALUES (57,6);INSERT INTO `join_war` VALUES (58,3);INSERT INTO `join_war` VALUES (59,4);INSERT INTO `join_war` VALUES (60,4);INSERT INTO `join_war` VALUES (61,4);INSERT INTO `join_war` VALUES (63,1);INSERT INTO `join_war` VALUES (64,6);INSERT INTO `join_war` VALUES (66,4);INSERT INTO `join_war` VALUES (67,1);INSERT INTO `join_war` VALUES (68,2);INSERT INTO `join_war` VALUES (69,1);INSERT INTO `join_war` VALUES (71,1);INSERT INTO `join_war` VALUES (71,3);INSERT INTO `join_war` VALUES (72,4);INSERT INTO `join_war` VALUES (73,5);INSERT INTO `join_war` VALUES (74,4);INSERT INTO `join_war` VALUES (75,2);INSERT INTO `join_war` VALUES (76,3);INSERT INTO `join_war` VALUES (77,4);INSERT INTO `join_war` VALUES (78,1);INSERT INTO `join_war` VALUES (79,1);INSERT INTO `join_war` VALUES (80,1);INSERT INTO `join_war` VALUES (81,4);INSERT INTO `join_war` VALUES (82,2);INSERT INTO `join_war` VALUES (83,1);INSERT INTO `join_war` VALUES (84,1);INSERT INTO `join_war` VALUES (85,2);INSERT INTO `join_war` VALUES (86,5);INSERT INTO `join_war` VALUES (88,5);INSERT INTO `medallions` VALUES (1,"American Legion");INSERT INTO `join_medallion` VALUES (0,1);INSERT INTO `medallions` VALUES (2,"WW II");INSERT INTO `join_medallion` VALUES (2,2);INSERT INTO `medallions` VALUES (3,"World War One");INSERT INTO `join_medallion` VALUES (3,3);INSERT INTO `join_medallion` VALUES (4,2);INSERT INTO `medallions` VALUES (4,"US");INSERT INTO `join_medallion` VALUES (6,4);INSERT INTO `join_medallion` VALUES (7,2);INSERT INTO `join_medallion` VALUES (8,4);INSERT INTO `join_medallion` VALUES (9,1);INSERT INTO `join_medallion` VALUES (11,4);INSERT INTO `join_medallion` VALUES (12,4);INSERT INTO `join_medallion` VALUES (13,1);INSERT INTO `medallions` VALUES (5,"Vietnam");INSERT INTO `join_medallion` VALUES (15,5);INSERT INTO `medallions` VALUES (6,"US Veteran");INSERT INTO `join_medallion` VALUES (15,6);INSERT INTO `join_medallion` VALUES (16,4);INSERT INTO `medallions` VALUES (7,"World War 1917-1918");INSERT INTO `join_medallion` VALUES (16,7);INSERT INTO `join_medallion` VALUES (18,4);INSERT INTO `join_medallion` VALUES (18,2);INSERT INTO `join_medallion` VALUES (19,1);INSERT INTO `join_medallion` VALUES (20,4);INSERT INTO `join_medallion` VALUES (20,1);INSERT INTO `join_medallion` VALUES (22,4);INSERT INTO `join_medallion` VALUES (22,1);INSERT INTO `join_medallion` VALUES (23,4);INSERT INTO `medallions` VALUES (8,"GAR # 338");INSERT INTO `join_medallion` VALUES (24,8);INSERT INTO `join_medallion` VALUES (25,4);INSERT INTO `join_medallion` VALUES (25,1);INSERT INTO `medallions` VALUES (9,"1941 World War 1945");INSERT INTO `join_medallion` VALUES (26,9);INSERT INTO `medallions` VALUES (10,"Fire Department");INSERT INTO `join_medallion` VALUES (26,10);INSERT INTO `join_medallion` VALUES (27,9);INSERT INTO `join_medallion` VALUES (32,4);INSERT INTO `medallions` VALUES (11,"Korea");INSERT INTO `join_medallion` VALUES (34,11);INSERT INTO `join_medallion` VALUES (35,2);INSERT INTO `join_medallion` VALUES (38,2);INSERT INTO `medallions` VALUES (12,"US WW II");INSERT INTO `join_medallion` VALUES (40,12);INSERT INTO `join_medallion` VALUES (43,9);INSERT INTO `medallions` VALUES (13,"Korean War");INSERT INTO `join_medallion` VALUES (44,13);INSERT INTO `join_medallion` VALUES (45,4);INSERT INTO `join_medallion` VALUES (46,4);INSERT INTO `join_medallion` VALUES (47,4);INSERT INTO `medallions` VALUES (14,"VFW");INSERT INTO `join_medallion` VALUES (47,14);INSERT INTO `join_medallion` VALUES (48,4);INSERT INTO `join_medallion` VALUES (49,4);INSERT INTO `medallions` VALUES (15,"GAR # 221");INSERT INTO `join_medallion` VALUES (51,15);INSERT INTO `join_medallion` VALUES (51,4);INSERT INTO `medallions` VALUES (16,"GAR # 84");INSERT INTO `join_medallion` VALUES (52,16);INSERT INTO `medallions` VALUES (17,"GAR (rusted) no number");INSERT INTO `join_medallion` VALUES (54,17);INSERT INTO `join_medallion` VALUES (56,9);INSERT INTO `join_medallion` VALUES (58,4);INSERT INTO `join_medallion` VALUES (58,11);INSERT INTO `medallions` VALUES (18,"GAR # 167");INSERT INTO `join_medallion` VALUES (61,18);INSERT INTO `join_medallion` VALUES (64,4);INSERT INTO `join_medallion` VALUES (64,5);INSERT INTO `join_medallion` VALUES (65,4);INSERT INTO `medallions` VALUES (19,"GAR # 225");INSERT INTO `join_medallion` VALUES (66,19);INSERT INTO `join_medallion` VALUES (66,4);INSERT INTO `medallions` VALUES (20,"GAR VET");INSERT INTO `join_medallion` VALUES (66,20);INSERT INTO `join_medallion` VALUES (67,4);INSERT INTO `join_medallion` VALUES (68,7);INSERT INTO `medallions` VALUES (21,"Massachusetts State Guard");INSERT INTO `join_medallion` VALUES (70,21);INSERT INTO `medallions` VALUES (22,"GAR # 217");INSERT INTO `join_medallion` VALUES (72,22);INSERT INTO `medallions` VALUES (23,"SAR");INSERT INTO `join_medallion` VALUES (73,23);INSERT INTO `join_medallion` VALUES (74,4);INSERT INTO `join_medallion` VALUES (75,4);INSERT INTO `medallions` VALUES (24,"WW I");INSERT INTO `join_medallion` VALUES (75,24);INSERT INTO `join_medallion` VALUES (76,4);INSERT INTO `medallions` VALUES (25,"Veterans of Foreign Wars");INSERT INTO `join_medallion` VALUES (76,25);INSERT INTO `join_medallion` VALUES (78,1);INSERT INTO `join_medallion` VALUES (78,14);INSERT INTO `join_medallion` VALUES (79,12);INSERT INTO `medallions` VALUES (26,"WW II 1941-1945");INSERT INTO `join_medallion` VALUES (80,26);INSERT INTO `join_medallion` VALUES (82,4);INSERT INTO `medallions` VALUES (27,"WW I 1917-1918");INSERT INTO `join_medallion` VALUES (82,27);INSERT INTO `join_medallion` VALUES (83,9);INSERT INTO `join_medallion` VALUES (85,4);INSERT INTO `medallions` VALUES (28,"GAR (No number)");INSERT INTO `join_medallion` VALUES (87,28);INSERT INTO `join_medallion` VALUES (88,23);INSERT INTO `cemeteries` VALUES (1,"Rock Cemetery, Highland Street, South Middleborough");INSERT INTO `join_cemetery` VALUES (0,1);INSERT INTO `join_cemetery` VALUES (1,1);INSERT INTO `join_cemetery` VALUES (2,1);INSERT INTO `join_cemetery` VALUES (3,1);INSERT INTO `join_cemetery` VALUES (4,1);INSERT INTO `join_cemetery` VALUES (5,1);INSERT INTO `join_cemetery` VALUES (6,1);INSERT INTO `join_cemetery` VALUES (7,1);INSERT INTO `join_cemetery` VALUES (8,1);INSERT INTO `join_cemetery` VALUES (9,1);INSERT INTO `join_cemetery` VALUES (10,1);INSERT INTO `join_cemetery` VALUES (11,1);INSERT INTO `join_cemetery` VALUES (12,1);INSERT INTO `join_cemetery` VALUES (13,1);INSERT INTO `join_cemetery` VALUES (14,1);INSERT INTO `join_cemetery` VALUES (15,1);INSERT INTO `join_cemetery` VALUES (16,1);INSERT INTO `join_cemetery` VALUES (17,1);INSERT INTO `join_cemetery` VALUES (18,1);INSERT INTO `join_cemetery` VALUES (19,1);INSERT INTO `join_cemetery` VALUES (20,1);INSERT INTO `join_cemetery` VALUES (21,1);INSERT INTO `join_cemetery` VALUES (22,1);INSERT INTO `join_cemetery` VALUES (23,1);INSERT INTO `join_cemetery` VALUES (24,1);INSERT INTO `join_cemetery` VALUES (25,1);INSERT INTO `join_cemetery` VALUES (26,1);INSERT INTO `join_cemetery` VALUES (27,1);INSERT INTO `join_cemetery` VALUES (28,1);INSERT INTO `join_cemetery` VALUES (29,1);INSERT INTO `join_cemetery` VALUES (30,1);INSERT INTO `join_cemetery` VALUES (31,1);INSERT INTO `join_cemetery` VALUES (32,1);INSERT INTO `join_cemetery` VALUES (33,1);INSERT INTO `join_cemetery` VALUES (34,1);INSERT INTO `join_cemetery` VALUES (35,1);INSERT INTO `join_cemetery` VALUES (36,1);INSERT INTO `join_cemetery` VALUES (37,1);INSERT INTO `join_cemetery` VALUES (38,1);INSERT INTO `join_cemetery` VALUES (39,1);INSERT INTO `join_cemetery` VALUES (40,1);INSERT INTO `join_cemetery` VALUES (41,1);INSERT INTO `join_cemetery` VALUES (42,1);INSERT INTO `join_cemetery` VALUES (43,1);INSERT INTO `join_cemetery` VALUES (44,1);INSERT INTO `join_cemetery` VALUES (45,1);INSERT INTO `join_cemetery` VALUES (46,1);INSERT INTO `join_cemetery` VALUES (47,1);INSERT INTO `join_cemetery` VALUES (48,1);INSERT INTO `join_cemetery` VALUES (49,1);INSERT INTO `join_cemetery` VALUES (50,1);INSERT INTO `join_cemetery` VALUES (51,1);INSERT INTO `join_cemetery` VALUES (52,1);INSERT INTO `join_cemetery` VALUES (53,1);INSERT INTO `join_cemetery` VALUES (54,1);INSERT INTO `join_cemetery` VALUES (55,1);INSERT INTO `join_cemetery` VALUES (56,1);INSERT INTO `join_cemetery` VALUES (57,1);INSERT INTO `join_cemetery` VALUES (58,1);INSERT INTO `join_cemetery` VALUES (59,1);INSERT INTO `join_cemetery` VALUES (60,1);INSERT INTO `join_cemetery` VALUES (61,1);INSERT INTO `join_cemetery` VALUES (62,1);INSERT INTO `join_cemetery` VALUES (63,1);INSERT INTO `join_cemetery` VALUES (64,1);INSERT INTO `join_cemetery` VALUES (65,1);INSERT INTO `join_cemetery` VALUES (66,1);INSERT INTO `join_cemetery` VALUES (67,1);INSERT INTO `join_cemetery` VALUES (68,1);INSERT INTO `join_cemetery` VALUES (69,1);INSERT INTO `join_cemetery` VALUES (70,1);INSERT INTO `join_cemetery` VALUES (71,1);INSERT INTO `join_cemetery` VALUES (72,1);INSERT INTO `join_cemetery` VALUES (73,1);INSERT INTO `join_cemetery` VALUES (74,1);INSERT INTO `join_cemetery` VALUES (75,1);INSERT INTO `join_cemetery` VALUES (76,1);INSERT INTO `join_cemetery` VALUES (77,1);INSERT INTO `join_cemetery` VALUES (78,1);INSERT INTO `join_cemetery` VALUES (79,1);INSERT INTO `join_cemetery` VALUES (80,1);INSERT INTO `join_cemetery` VALUES (81,1);INSERT INTO `join_cemetery` VALUES (82,1);INSERT INTO `join_cemetery` VALUES (83,1);INSERT INTO `join_cemetery` VALUES (84,1);INSERT INTO `join_cemetery` VALUES (85,1);INSERT INTO `join_cemetery` VALUES (86,1);INSERT INTO `join_cemetery` VALUES (87,1);INSERT INTO `join_cemetery` VALUES (88,1);INSERT INTO `birth_day` VALUES (0,14);INSERT INTO `birth_day` VALUES (0,5);INSERT INTO `birth_day` VALUES (1,26);INSERT INTO `birth_day` VALUES (2,14);INSERT INTO `birth_day` VALUES (4,5);INSERT INTO `birth_day` VALUES (7,19);INSERT INTO `birth_day` VALUES (8,28);INSERT INTO `birth_day` VALUES (9,12);INSERT INTO `birth_day` VALUES (11,5);INSERT INTO `birth_day` VALUES (12,20);INSERT INTO `birth_day` VALUES (13,21);INSERT INTO `birth_day` VALUES (14,23);INSERT INTO `birth_day` VALUES (15,2);INSERT INTO `birth_day` VALUES (16,18);INSERT INTO `birth_day` VALUES (17,30);INSERT INTO `birth_day` VALUES (18,14);INSERT INTO `birth_day` VALUES (19,8);INSERT INTO `birth_day` VALUES (20,17);INSERT INTO `birth_day` VALUES (21,22);INSERT INTO `birth_day` VALUES (22,13);INSERT INTO `birth_day` VALUES (25,14);INSERT INTO `birth_day` VALUES (26,9);INSERT INTO `birth_day` VALUES (27,16);INSERT INTO `birth_day` VALUES (28,1);INSERT INTO `birth_day` VALUES (29,3);INSERT INTO `birth_day` VALUES (32,9);INSERT INTO `birth_day` VALUES (33,13);INSERT INTO `birth_day` VALUES (34,8);INSERT INTO `birth_day` VALUES (35,23);INSERT INTO `birth_day` VALUES (36,14);INSERT INTO `birth_day` VALUES (37,20);INSERT INTO `birth_day` VALUES (38,9);INSERT INTO `birth_day` VALUES (40,31);INSERT INTO `birth_day` VALUES (43,18);INSERT INTO `birth_day` VALUES (46,31);INSERT INTO `birth_day` VALUES (47,13);INSERT INTO `birth_day` VALUES (48,13);INSERT INTO `birth_day` VALUES (50,27);INSERT INTO `birth_day` VALUES (51,3);INSERT INTO `birth_day` VALUES (52,26);INSERT INTO `birth_day` VALUES (53,2);INSERT INTO `birth_day` VALUES (55,6);INSERT INTO `birth_day` VALUES (57,16);INSERT INTO `birth_day` VALUES (58,22);INSERT INTO `birth_day` VALUES (59,10);INSERT INTO `birth_day` VALUES (60,18);INSERT INTO `birth_day` VALUES (64,9);INSERT INTO `birth_day` VALUES (67,30);INSERT INTO `birth_day` VALUES (68,17);INSERT INTO `birth_day` VALUES (69,12);INSERT INTO `birth_day` VALUES (71,9);INSERT INTO `birth_day` VALUES (75,10);INSERT INTO `birth_day` VALUES (76,5);INSERT INTO `birth_day` VALUES (77,25);INSERT INTO `birth_day` VALUES (78,3);INSERT INTO `birth_day` VALUES (79,7);INSERT INTO `birth_day` VALUES (82,25);INSERT INTO `birth_day` VALUES (83,16);INSERT INTO `birth_day` VALUES (84,17);INSERT INTO `birth_day` VALUES (86,16);INSERT INTO `birth_month` VALUES (0,2);INSERT INTO `birth_month` VALUES (1,2);INSERT INTO `birth_month` VALUES (2,2);INSERT INTO `birth_month` VALUES (4,8);INSERT INTO `birth_month` VALUES (7,10);INSERT INTO `birth_month` VALUES (8,1);INSERT INTO `birth_month` VALUES (9,10);INSERT INTO `birth_month` VALUES (11,11);INSERT INTO `birth_month` VALUES (12,2);INSERT INTO `birth_month` VALUES (13,3);INSERT INTO `birth_month` VALUES (14,9);INSERT INTO `birth_month` VALUES (15,1);INSERT INTO `birth_month` VALUES (16,5);INSERT INTO `birth_month` VALUES (17,12);INSERT INTO `birth_month` VALUES (18,4);INSERT INTO `birth_month` VALUES (19,6);INSERT INTO `birth_month` VALUES (20,12);INSERT INTO `birth_month` VALUES (21,6);INSERT INTO `birth_month` VALUES (22,6);INSERT INTO `birth_month` VALUES (25,2);INSERT INTO `birth_month` VALUES (26,10);INSERT INTO `birth_month` VALUES (27,6);INSERT INTO `birth_month` VALUES (28,5);INSERT INTO `birth_month` VALUES (29,11);INSERT INTO `birth_month` VALUES (32,2);INSERT INTO `birth_month` VALUES (33,9);INSERT INTO `birth_month` VALUES (34,10);INSERT INTO `birth_month` VALUES (35,3);INSERT INTO `birth_month` VALUES (36,11);INSERT INTO `birth_month` VALUES (37,2);INSERT INTO `birth_month` VALUES (38,4);INSERT INTO `birth_month` VALUES (40,3);INSERT INTO `birth_month` VALUES (43,5);INSERT INTO `birth_month` VALUES (46,12);INSERT INTO `birth_month` VALUES (47,4);INSERT INTO `birth_month` VALUES (48,11);INSERT INTO `birth_month` VALUES (50,10);INSERT INTO `birth_month` VALUES (51,2);INSERT INTO `birth_month` VALUES (52,2);INSERT INTO `birth_month` VALUES (53,5);INSERT INTO `birth_month` VALUES (55,2);INSERT INTO `birth_month` VALUES (57,10);INSERT INTO `birth_month` VALUES (58,1);INSERT INTO `birth_month` VALUES (59,5);INSERT INTO `birth_month` VALUES (60,4);INSERT INTO `birth_month` VALUES (64,12);INSERT INTO `birth_month` VALUES (67,6);INSERT INTO `birth_month` VALUES (68,8);INSERT INTO `birth_month` VALUES (69,7);INSERT INTO `birth_month` VALUES (71,12);INSERT INTO `birth_month` VALUES (75,1);INSERT INTO `birth_month` VALUES (76,12);INSERT INTO `birth_month` VALUES (77,2);INSERT INTO `birth_month` VALUES (78,8);INSERT INTO `birth_month` VALUES (79,6);INSERT INTO `birth_month` VALUES (82,1);INSERT INTO `birth_month` VALUES (82,4);INSERT INTO `birth_month` VALUES (83,5);INSERT INTO `birth_month` VALUES (84,7);INSERT INTO `birth_month` VALUES (86,4);INSERT INTO `birth_year` VALUES (0,1901);INSERT INTO `birth_year` VALUES (1,1912);INSERT INTO `birth_year` VALUES (2,1864);INSERT INTO `birth_year` VALUES (3,1928);INSERT INTO `birth_year` VALUES (4,1915);INSERT INTO `birth_year` VALUES (5,1914);INSERT INTO `birth_year` VALUES (6,1898);INSERT INTO `birth_year` VALUES (7,1923);INSERT INTO `birth_year` VALUES (8,1835);INSERT INTO `birth_year` VALUES (9,1894);INSERT INTO `birth_year` VALUES (10,1773);INSERT INTO `birth_year` VALUES (11,1832);INSERT INTO `birth_year` VALUES (12,1834);INSERT INTO `birth_year` VALUES (13,1894);INSERT INTO `birth_year` VALUES (14,1811);INSERT INTO `birth_year` VALUES (15,1943);INSERT INTO `birth_year` VALUES (16,1891);INSERT INTO `birth_year` VALUES (17,1888);INSERT INTO `birth_year` VALUES (18,1910);INSERT INTO `birth_year` VALUES (19,1894);INSERT INTO `birth_year` VALUES (20,1924);INSERT INTO `birth_year` VALUES (21,1917);INSERT INTO `birth_year` VALUES (22,1898);INSERT INTO `birth_year` VALUES (24,1841);INSERT INTO `birth_year` VALUES (25,1896);INSERT INTO `birth_year` VALUES (26,1922);INSERT INTO `birth_year` VALUES (27,1906);INSERT INTO `birth_year` VALUES (28,1818);INSERT INTO `birth_year` VALUES (29,1783);INSERT INTO `birth_year` VALUES (30,1874);INSERT INTO `birth_year` VALUES (32,1916);INSERT INTO `birth_year` VALUES (33,1808);INSERT INTO `birth_year` VALUES (34,1928);INSERT INTO `birth_year` VALUES (35,1909);INSERT INTO `birth_year` VALUES (36,1783);INSERT INTO `birth_year` VALUES (37,1808);INSERT INTO `birth_year` VALUES (38,1920);INSERT INTO `birth_year` VALUES (40,1917);INSERT INTO `birth_year` VALUES (42,1878);INSERT INTO `birth_year` VALUES (43,1923);INSERT INTO `birth_year` VALUES (45,1903);INSERT INTO `birth_year` VALUES (46,1891);INSERT INTO `birth_year` VALUES (47,1899);INSERT INTO `birth_year` VALUES (48,1893);INSERT INTO `birth_year` VALUES (49,1907);INSERT INTO `birth_year` VALUES (50,1859);INSERT INTO `birth_year` VALUES (51,1834);INSERT INTO `birth_year` VALUES (52,1844);INSERT INTO `birth_year` VALUES (53,1935);INSERT INTO `birth_year` VALUES (54,1872);INSERT INTO `birth_year` VALUES (55,1941);INSERT INTO `birth_year` VALUES (56,1913);INSERT INTO `birth_year` VALUES (57,1944);INSERT INTO `birth_year` VALUES (58,1933);INSERT INTO `birth_year` VALUES (59,1830);INSERT INTO `birth_year` VALUES (60,1826);INSERT INTO `birth_year` VALUES (61,1845);INSERT INTO `birth_year` VALUES (62,1888);INSERT INTO `birth_year` VALUES (63,1914);INSERT INTO `birth_year` VALUES (64,1944);INSERT INTO `birth_year` VALUES (65,1924);INSERT INTO `birth_year` VALUES (67,1908);INSERT INTO `birth_year` VALUES (68,1902);INSERT INTO `birth_year` VALUES (69,1907);INSERT INTO `birth_year` VALUES (70,1884);INSERT INTO `birth_year` VALUES (71,1921);INSERT INTO `birth_year` VALUES (73,1736);INSERT INTO `birth_year` VALUES (74,1838);INSERT INTO `birth_year` VALUES (75,1895);INSERT INTO `birth_year` VALUES (76,1930);INSERT INTO `birth_year` VALUES (77,1844);INSERT INTO `birth_year` VALUES (78,1902);INSERT INTO `birth_year` VALUES (79,1928);INSERT INTO `birth_year` VALUES (80,1900);INSERT INTO `birth_year` VALUES (82,1900);INSERT INTO `birth_year` VALUES (83,1916);INSERT INTO `birth_year` VALUES (84,1927);INSERT INTO `birth_year` VALUES (86,1745);INSERT INTO `birth_year` VALUES (87,1905);INSERT INTO `birth_year` VALUES (88,1752);INSERT INTO `death_day` VALUES (0,2);INSERT INTO `death_day` VALUES (1,15);INSERT INTO `death_day` VALUES (2,18);INSERT INTO `death_day` VALUES (4,5);INSERT INTO `death_day` VALUES (6,22);INSERT INTO `death_day` VALUES (7,29);INSERT INTO `death_day` VALUES (8,14);INSERT INTO `death_day` VALUES (9,27);INSERT INTO `death_day` VALUES (10,8);INSERT INTO `death_day` VALUES (11,21);INSERT INTO `death_day` VALUES (12,17);INSERT INTO `death_day` VALUES (13,7);INSERT INTO `death_day` VALUES (14,21);INSERT INTO `death_day` VALUES (15,29);INSERT INTO `death_day` VALUES (16,26);INSERT INTO `death_day` VALUES (17,7);INSERT INTO `death_day` VALUES (18,18);INSERT INTO `death_day` VALUES (19,27);INSERT INTO `death_day` VALUES (20,9);INSERT INTO `death_day` VALUES (21,8);INSERT INTO `death_day` VALUES (22,26);INSERT INTO `death_day` VALUES (23,27);INSERT INTO `death_day` VALUES (24,11);INSERT INTO `death_day` VALUES (25,24);INSERT INTO `death_day` VALUES (26,14);INSERT INTO `death_day` VALUES (27,15);INSERT INTO `death_day` VALUES (28,29);INSERT INTO `death_day` VALUES (29,27);INSERT INTO `death_day` VALUES (31,22);INSERT INTO `death_day` VALUES (31,23);INSERT INTO `death_day` VALUES (33,3);INSERT INTO `death_day` VALUES (34,11);INSERT INTO `death_day` VALUES (35,3);INSERT INTO `death_day` VALUES (36,14);INSERT INTO `death_day` VALUES (37,7);INSERT INTO `death_day` VALUES (38,20);INSERT INTO `death_day` VALUES (39,20);INSERT INTO `death_day` VALUES (40,2);INSERT INTO `death_day` VALUES (43,16);INSERT INTO `death_day` VALUES (46,19);INSERT INTO `death_day` VALUES (47,21);INSERT INTO `death_day` VALUES (48,27);INSERT INTO `death_day` VALUES (50,27);INSERT INTO `death_day` VALUES (51,3);INSERT INTO `death_day` VALUES (52,27);INSERT INTO `death_day` VALUES (55,18);INSERT INTO `death_day` VALUES (58,27);INSERT INTO `death_day` VALUES (59,24);INSERT INTO `death_day` VALUES (60,11);INSERT INTO `death_day` VALUES (64,6);INSERT INTO `death_day` VALUES (66,19);INSERT INTO `death_day` VALUES (67,12);INSERT INTO `death_day` VALUES (68,27);INSERT INTO `death_day` VALUES (69,25);INSERT INTO `death_day` VALUES (69,20);INSERT INTO `death_day` VALUES (71,2);INSERT INTO `death_day` VALUES (73,28);INSERT INTO `death_day` VALUES (74,4);INSERT INTO `death_day` VALUES (75,9);INSERT INTO `death_day` VALUES (76,11);INSERT INTO `death_day` VALUES (77,23);INSERT INTO `death_day` VALUES (78,14);INSERT INTO `death_day` VALUES (79,31);INSERT INTO `death_day` VALUES (81,7);INSERT INTO `death_day` VALUES (82,27);INSERT INTO `death_day` VALUES (83,18);INSERT INTO `death_day` VALUES (84,8);INSERT INTO `death_day` VALUES (85,17);INSERT INTO `death_day` VALUES (86,9);INSERT INTO `death_day` VALUES (88,3);INSERT INTO `death_month` VALUES (0,5);INSERT INTO `death_month` VALUES (1,9);INSERT INTO `death_month` VALUES (2,11);INSERT INTO `death_month` VALUES (4,1);INSERT INTO `death_month` VALUES (6,10);INSERT INTO `death_month` VALUES (7,4);INSERT INTO `death_month` VALUES (8,6);INSERT INTO `death_month` VALUES (9,12);INSERT INTO `death_month` VALUES (10,11);INSERT INTO `death_month` VALUES (11,9);INSERT INTO `death_month` VALUES (12,11);INSERT INTO `death_month` VALUES (13,7);INSERT INTO `death_month` VALUES (14,10);INSERT INTO `death_month` VALUES (15,7);INSERT INTO `death_month` VALUES (16,5);INSERT INTO `death_month` VALUES (17,11);INSERT INTO `death_month` VALUES (18,5);INSERT INTO `death_month` VALUES (19,1);INSERT INTO `death_month` VALUES (20,12);INSERT INTO `death_month` VALUES (21,1);INSERT INTO `death_month` VALUES (22,11);INSERT INTO `death_month` VALUES (23,1);INSERT INTO `death_month` VALUES (24,2);INSERT INTO `death_month` VALUES (25,1);INSERT INTO `death_month` VALUES (26,10);INSERT INTO `death_month` VALUES (27,7);INSERT INTO `death_month` VALUES (28,12);INSERT INTO `death_month` VALUES (29,8);INSERT INTO `death_month` VALUES (31,3);INSERT INTO `death_month` VALUES (33,2);INSERT INTO `death_month` VALUES (34,6);INSERT INTO `death_month` VALUES (35,11);INSERT INTO `death_month` VALUES (36,5);INSERT INTO `death_month` VALUES (37,11);INSERT INTO `death_month` VALUES (38,9);INSERT INTO `death_month` VALUES (39,6);INSERT INTO `death_month` VALUES (40,9);INSERT INTO `death_month` VALUES (43,12);INSERT INTO `death_month` VALUES (46,6);INSERT INTO `death_month` VALUES (47,3);INSERT INTO `death_month` VALUES (48,6);INSERT INTO `death_month` VALUES (50,11);INSERT INTO `death_month` VALUES (51,6);INSERT INTO `death_month` VALUES (52,10);INSERT INTO `death_month` VALUES (55,6);INSERT INTO `death_month` VALUES (58,9);INSERT INTO `death_month` VALUES (59,1);INSERT INTO `death_month` VALUES (60,1);INSERT INTO `death_month` VALUES (64,3);INSERT INTO `death_month` VALUES (66,10);INSERT INTO `death_month` VALUES (67,6);INSERT INTO `death_month` VALUES (68,5);INSERT INTO `death_month` VALUES (69,3);INSERT INTO `death_month` VALUES (71,3);INSERT INTO `death_month` VALUES (73,9);INSERT INTO `death_month` VALUES (74,6);INSERT INTO `death_month` VALUES (75,7);INSERT INTO `death_month` VALUES (76,3);INSERT INTO `death_month` VALUES (77,9);INSERT INTO `death_month` VALUES (78,3);INSERT INTO `death_month` VALUES (79,8);INSERT INTO `death_month` VALUES (81,4);INSERT INTO `death_month` VALUES (82,6);INSERT INTO `death_month` VALUES (83,7);INSERT INTO `death_month` VALUES (84,7);INSERT INTO `death_month` VALUES (85,12);INSERT INTO `death_month` VALUES (86,9);INSERT INTO `death_month` VALUES (88,9);INSERT INTO `death_year` VALUES (0,1965);INSERT INTO `death_year` VALUES (1,1975);INSERT INTO `death_year` VALUES (2,1948);INSERT INTO `death_year` VALUES (3,1962);INSERT INTO `death_year` VALUES (4,2015);INSERT INTO `death_year` VALUES (5,2001);INSERT INTO `death_year` VALUES (6,1918);INSERT INTO `death_year` VALUES (7,2010);INSERT INTO `death_year` VALUES (8,1903);INSERT INTO `death_year` VALUES (9,1965);INSERT INTO `death_year` VALUES (10,1835);INSERT INTO `death_year` VALUES (10,1839);INSERT INTO `death_year` VALUES (11,1919);INSERT INTO `death_year` VALUES (12,1862);INSERT INTO `death_year` VALUES (13,1971);INSERT INTO `death_year` VALUES (14,1893);INSERT INTO `death_year` VALUES (15,2009);INSERT INTO `death_year` VALUES (16,1955);INSERT INTO `death_year` VALUES (17,1971);INSERT INTO `death_year` VALUES (18,1953);INSERT INTO `death_year` VALUES (19,1978);INSERT INTO `death_year` VALUES (20,2015);INSERT INTO `death_year` VALUES (21,1969);INSERT INTO `death_year` VALUES (22,1965);INSERT INTO `death_year` VALUES (23,1834);INSERT INTO `death_year` VALUES (24,1911);INSERT INTO `death_year` VALUES (25,1974);INSERT INTO `death_year` VALUES (26,2009);INSERT INTO `death_year` VALUES (27,1973);INSERT INTO `death_year` VALUES (28,1902);INSERT INTO `death_year` VALUES (29,1851);INSERT INTO `death_year` VALUES (30,1948);INSERT INTO `death_year` VALUES (31,1835);INSERT INTO `death_year` VALUES (33,1879);INSERT INTO `death_year` VALUES (34,2013);INSERT INTO `death_year` VALUES (35,1987);INSERT INTO `death_year` VALUES (36,1870);INSERT INTO `death_year` VALUES (37,1865);INSERT INTO `death_year` VALUES (38,2007);INSERT INTO `death_year` VALUES (39,1819);INSERT INTO `death_year` VALUES (40,1969);INSERT INTO `death_year` VALUES (41,1914);INSERT INTO `death_year` VALUES (42,1955);INSERT INTO `death_year` VALUES (43,2005);INSERT INTO `death_year` VALUES (44,2003);INSERT INTO `death_year` VALUES (45,1982);INSERT INTO `death_year` VALUES (46,1956);INSERT INTO `death_year` VALUES (47,1954);INSERT INTO `death_year` VALUES (48,1963);INSERT INTO `death_year` VALUES (49,1976);INSERT INTO `death_year` VALUES (50,1904);INSERT INTO `death_year` VALUES (51,1897);INSERT INTO `death_year` VALUES (52,1899);INSERT INTO `death_year` VALUES (53,1981);INSERT INTO `death_year` VALUES (54,1957);INSERT INTO `death_year` VALUES (55,2003);INSERT INTO `death_year` VALUES (56,1976);INSERT INTO `death_year` VALUES (57,1979);INSERT INTO `death_year` VALUES (58,2010);INSERT INTO `death_year` VALUES (59,1895);INSERT INTO `death_year` VALUES (60,1895);INSERT INTO `death_year` VALUES (61,1930);INSERT INTO `death_year` VALUES (62,1959);INSERT INTO `death_year` VALUES (63,1984);INSERT INTO `death_year` VALUES (64,2014);INSERT INTO `death_year` VALUES (65,1968);INSERT INTO `death_year` VALUES (66,1862);INSERT INTO `death_year` VALUES (66,1863);INSERT INTO `death_year` VALUES (67,1992);INSERT INTO `death_year` VALUES (68,1967);INSERT INTO `death_year` VALUES (69,1981);INSERT INTO `death_year` VALUES (70,1937);INSERT INTO `death_year` VALUES (71,1983);INSERT INTO `death_year` VALUES (73,1814);INSERT INTO `death_year` VALUES (74,1914);INSERT INTO `death_year` VALUES (75,1970);INSERT INTO `death_year` VALUES (76,1963);INSERT INTO `death_year` VALUES (76,1989);INSERT INTO `death_year` VALUES (77,1864);INSERT INTO `death_year` VALUES (78,1963);INSERT INTO `death_year` VALUES (79,1995);INSERT INTO `death_year` VALUES (80,1976);INSERT INTO `death_year` VALUES (81,1876);INSERT INTO `death_year` VALUES (82,1965);INSERT INTO `death_year` VALUES (83,1965);INSERT INTO `death_year` VALUES (84,1988);INSERT INTO `death_year` VALUES (85,1939);INSERT INTO `death_year` VALUES (86,1822);INSERT INTO `death_year` VALUES (87,1992);INSERT INTO `death_year` VALUES (88,1825);INSERT INTO `entry_day` VALUES (4,23);INSERT INTO `entry_day` VALUES (9,6);INSERT INTO `entry_day` VALUES (10,5);INSERT INTO `entry_day` VALUES (18,6);INSERT INTO `entry_day` VALUES (22,12);INSERT INTO `entry_day` VALUES (46,20);INSERT INTO `entry_day` VALUES (47,12);INSERT INTO `entry_day` VALUES (51,19);INSERT INTO `entry_day` VALUES (78,28);INSERT INTO `entry_day` VALUES (82,15);INSERT INTO `entry_day` VALUES (83,27);INSERT INTO `entry_month` VALUES (4,2);INSERT INTO `entry_month` VALUES (9,12);INSERT INTO `entry_month` VALUES (10,5);INSERT INTO `entry_month` VALUES (18,7);INSERT INTO `entry_month` VALUES (22,7);INSERT INTO `entry_month` VALUES (46,9);INSERT INTO `entry_month` VALUES (47,6);INSERT INTO `entry_month` VALUES (51,8);INSERT INTO `entry_month` VALUES (78,9);INSERT INTO `entry_month` VALUES (82,6);INSERT INTO `entry_month` VALUES (83,7);INSERT INTO `entry_year` VALUES (4,1945);INSERT INTO `entry_year` VALUES (9,1917);INSERT INTO `entry_year` VALUES (10,1777);INSERT INTO `entry_year` VALUES (18,1942);INSERT INTO `entry_year` VALUES (22,1917);INSERT INTO `entry_year` VALUES (46,1917);INSERT INTO `entry_year` VALUES (47,1917);INSERT INTO `entry_year` VALUES (51,1862);INSERT INTO `entry_year` VALUES (78,1942);INSERT INTO `entry_year` VALUES (82,1918);INSERT INTO `entry_year` VALUES (83,1942);INSERT INTO `exit_day` VALUES (4,9);INSERT INTO `exit_day` VALUES (14,26);INSERT INTO `exit_day` VALUES (18,13);INSERT INTO `exit_day` VALUES (22,28);INSERT INTO `exit_day` VALUES (46,13);INSERT INTO `exit_day` VALUES (47,28);INSERT INTO `exit_day` VALUES (78,6);INSERT INTO `exit_day` VALUES (82,20);INSERT INTO `exit_day` VALUES (83,19);INSERT INTO `exit_month` VALUES (4,3);INSERT INTO `exit_month` VALUES (14,6);INSERT INTO `exit_month` VALUES (18,2);INSERT INTO `exit_month` VALUES (22,4);INSERT INTO `exit_month` VALUES (46,11);INSERT INTO `exit_month` VALUES (47,4);INSERT INTO `exit_month` VALUES (78,2);INSERT INTO `exit_month` VALUES (82,12);INSERT INTO `exit_month` VALUES (83,1);INSERT INTO `exit_year` VALUES (4,1945);INSERT INTO `exit_year` VALUES (14,1863);INSERT INTO `exit_year` VALUES (18,1946);INSERT INTO `exit_year` VALUES (22,1919);INSERT INTO `exit_year` VALUES (46,1919);INSERT INTO `exit_year` VALUES (47,1919);INSERT INTO `exit_year` VALUES (78,1943);INSERT INTO `exit_year` VALUES (82,1918);INSERT INTO `exit_year` VALUES (83,1946);INSERT INTO `unit` VALUES (0,"117 EVAC Hospital");INSERT INTO `unit` VALUES (6,"15th Cav.,Troop L");INSERT INTO `unit` VALUES (7,"Pacific Theater");INSERT INTO `unit` VALUES (8,"4th Inf. Co. C");INSERT INTO `unit` VALUES (12,"Co. D. 18th Regt. Mass. Vol.");INSERT INTO `unit` VALUES (13,"G140 Military Police BN");INSERT INTO `unit` VALUES (14,"Co. I, Massachusetts 3rd Infantry Regiment");INSERT INTO `unit` VALUES (16,"Massachusetts COC 2 Corps Arty Park");INSERT INTO `unit` VALUES (17,"Co C, 27th BN");INSERT INTO `unit` VALUES (18,"Schenectady Forces Depot");INSERT INTO `unit` VALUES (22,"101st Inf., Co. D");INSERT INTO `unit` VALUES (24,"Co. F. 7th Regt. Mass. Vols.");INSERT INTO `unit` VALUES (46,"230 PW Escort Co ASC");INSERT INTO `unit` VALUES (47,"101st Inf., Co. D");INSERT INTO `unit` VALUES (48,"73rd Inf., Co. 1");INSERT INTO `unit` VALUES (51,"18th Inf., Co. E");INSERT INTO `unit` VALUES (52,"Co. I 127 Reg. Ill Inf. Vols.");INSERT INTO `unit` VALUES (66,"Company D, 18th Volunteer Infantry");INSERT INTO `unit` VALUES (70,"US Marine Security Group");INSERT INTO `unit` VALUES (74,"Co E I R. I. L. A");INSERT INTO `unit` VALUES (75,"Michgan");INSERT INTO `unit` VALUES (77,"Co F, 18th MA Inf.");INSERT INTO `unit` VALUES (77,"3rd MA Cavalry");INSERT INTO `unit` VALUES (78,"Hq Det. 1851 Unit, 8th Commd Serv.");INSERT INTO `unit` VALUES (82,"69th F.A., Bty. B Field Arty");INSERT INTO `unit` VALUES (83,"White House Signal Detach.");INSERT INTO `unit` VALUES (85,"CL MED DEPT");INSERT INTO `service_number` VALUES (4,9834703);INSERT INTO `service_number` VALUES (18,308145);INSERT INTO `service_number` VALUES (22,60451);INSERT INTO `service_number` VALUES (46,1658103);INSERT INTO `service_number` VALUES (47,60469);INSERT INTO `service_number` VALUES (78,31202839);INSERT INTO `service_number` VALUES (82,393765);INSERT INTO `service_number` VALUES (83,11055522);INSERT INTO `location_in_cemetery` VALUES (0,"Hope's Rest Section 5th Lane (Right) Lot 120");INSERT INTO `location_in_cemetery` VALUES (1,"Hope's Rest Section 5th Lane (Left) Lot 113");INSERT INTO `location_in_cemetery` VALUES (2,"Ewer Section 3rd Lane (Left) Lot E36");INSERT INTO `location_in_cemetery` VALUES (3,"Hope's Rest Section 6th Lane (Left) Lot 22");INSERT INTO `location_in_cemetery` VALUES (4,"Hope's Rest Section 3rd Lane (Left) Lot 169");INSERT INTO `location_in_cemetery` VALUES (5,"Hope's Rest Section 4th Lane (Right) Lot 158");INSERT INTO `location_in_cemetery` VALUES (6,"Hope's Rest Section Btw 3rd & 4th Lane Lot 158-168");INSERT INTO `location_in_cemetery` VALUES (7,"Hope's Rest Section Btw 3rd & 4th Lane Lot 158-168");INSERT INTO `location_in_cemetery` VALUES (8,"Hope's Rest Section 6th Lane (Left) Lot 25");INSERT INTO `location_in_cemetery` VALUES (9,"Hope's Rest Section 1st Lane (Right) Lot 219B");INSERT INTO `location_in_cemetery` VALUES (10,"West of Chapel Row 7 Lot 4");INSERT INTO `location_in_cemetery` VALUES (11,"East of Chapel Row 7 Plot 33");INSERT INTO `location_in_cemetery` VALUES (12,"East of Chapel Row 8 Plot 37");INSERT INTO `location_in_cemetery` VALUES (13,"Ewer Section 1st Lane (Left) Lot E12");INSERT INTO `location_in_cemetery` VALUES (14,"Hope's Rest Section 5th Lane (Left) Lot 9");INSERT INTO `location_in_cemetery` VALUES (15,"Hope's Rest Section 8th Lane (Left) Lot 58");INSERT INTO `location_in_cemetery` VALUES (16,"Hope's Reat Section 2nd Lane (Right) Lot 198");INSERT INTO `location_in_cemetery` VALUES (17,"Hope's Rest Secton 1st Lane (Right) Lot 220B");INSERT INTO `location_in_cemetery` VALUES (18,"Hope's Rest Section 7th Lane (left) Lot 78");INSERT INTO `location_in_cemetery` VALUES (19,"Hope's Rest Section Hope's Rest Lane Lot 98");INSERT INTO `location_in_cemetery` VALUES (20,"Hope's Rest Section Hope's Rest Lane Lot 98");INSERT INTO `location_in_cemetery` VALUES (21,"Hope's Rest Section 4th Lane (Left) Lot 148");INSERT INTO `location_in_cemetery` VALUES (22,"Hope's Rest Section 6th Lane (Right) Lot 19");INSERT INTO `location_in_cemetery` VALUES (23,"West of Chapel Row 8 Lot 12");INSERT INTO `location_in_cemetery` VALUES (24,"Ewer Section 1st Lane (Right) Lot E1");INSERT INTO `location_in_cemetery` VALUES (25,"Hope's Rest Section 7th Lane (Right) Lot 83");INSERT INTO `location_in_cemetery` VALUES (26,"Hope's Rest Section Hope's Rest Lane Lot 71");INSERT INTO `location_in_cemetery` VALUES (27,"Hope's Rest Section 8th Lane (Right) Lot 46");INSERT INTO `location_in_cemetery` VALUES (28,"Ewer Section 4th Lane (Right) Lot E38");INSERT INTO `location_in_cemetery` VALUES (29,"East of Chapel Row 6 Lot 29");INSERT INTO `location_in_cemetery` VALUES (30,"Ewer Section 3rd Lane (Left) Lot E33");INSERT INTO `location_in_cemetery` VALUES (31,"West of Chapel Row 1 Lot 7");INSERT INTO `location_in_cemetery` VALUES (32,"Hope's Rest Section 6th Lane (Left) Lot 27");INSERT INTO `location_in_cemetery` VALUES (33,"Ewer Section 3rd Lane (Left) Lot E33");INSERT INTO `location_in_cemetery` VALUES (34,"Hope's Rest Section 6th Lane (Left) Lot 105");INSERT INTO `location_in_cemetery` VALUES (35,"Ewer Section 3rd Lane (Left) Lot E33");INSERT INTO `location_in_cemetery` VALUES (36,"East of Chapel Row 1 Plot 3");INSERT INTO `location_in_cemetery` VALUES (37,"East of Chapel Row 3 Plot 18");INSERT INTO `location_in_cemetery` VALUES (38,"Hope's Rest Section 6th Lane (Left) Lot 94");INSERT INTO `location_in_cemetery` VALUES (39,"West of Chapel Row 5 Lot 38");INSERT INTO `location_in_cemetery` VALUES (40,"Hope's Rest Section Hope's Rest Lane Lot 89");INSERT INTO `location_in_cemetery` VALUES (41,"Hope's Rest Section 4th Lane (Left) Thomas Tomb");INSERT INTO `location_in_cemetery` VALUES (42,"Hope's Rest Section 5th Lane (Right) Lot 123");INSERT INTO `location_in_cemetery` VALUES (43,"Hope's Rest Section 2nd Lane (Left) Lot 194");INSERT INTO `location_in_cemetery` VALUES (44,"Hope's Rest Section 4th Lane (Right) Lot 162");INSERT INTO `location_in_cemetery` VALUES (45,"Thomas Section 4th Lane (Thomas Tomb) Lot T42");INSERT INTO `location_in_cemetery` VALUES (46,"Ewer Section 4th Lane (Right) Lot E40");INSERT INTO `location_in_cemetery` VALUES (47,"Hope's Rest Section 6th Lane (Left) Lot 9");INSERT INTO `location_in_cemetery` VALUES (48,"Ewer Section 2nd lane (Left) Lot E24");INSERT INTO `location_in_cemetery` VALUES (49,"Hopes Rest Section 3rd Lane (Right) Lot 178");INSERT INTO `location_in_cemetery` VALUES (50,"Ewer Section 4th Lane (Right) Lot E40");INSERT INTO `location_in_cemetery` VALUES (51,"Ewer Section 4th Lane (Right) Lot E40");INSERT INTO `location_in_cemetery` VALUES (52,"Hope's Rest Section 7th Lane (Right) Hopes Rest 28");INSERT INTO `location_in_cemetery` VALUES (53,"Hope's Rest Section 4th Lane (Right) Lot 159");INSERT INTO `location_in_cemetery` VALUES (54,"Ewer Section 3rd Lane (Left) Lot E34");INSERT INTO `location_in_cemetery` VALUES (55,"Hope's Rest Section 2nd Lane (Right) Lot 200");INSERT INTO `location_in_cemetery` VALUES (56,"Hope's Rest Section 2nd Lane (Right) Lot 200");INSERT INTO `location_in_cemetery` VALUES (57,"Hope's Rest Section Hope's Rest Lane Lot 80");INSERT INTO `location_in_cemetery` VALUES (58,"Hope's Rest Section Hope's Rest Lane Lot 81");INSERT INTO `location_in_cemetery` VALUES (59,"East of Chapel Row 4 Lot 21");INSERT INTO `location_in_cemetery` VALUES (60,"Hope's Rest Section 5th Lane (Right) Lot 3");INSERT INTO `location_in_cemetery` VALUES (61,"Ewer Section 2nd Lane (Right) Lot E17");INSERT INTO `location_in_cemetery` VALUES (62,"Hope's Rest Section 8th Lane (Right) Lot 48");INSERT INTO `location_in_cemetery` VALUES (63,"Hope's Rest Section 7th Lane (Right) Lot 86");INSERT INTO `location_in_cemetery` VALUES (64,"Hope's Rest Section 1st Lane (Right) Lot 228");INSERT INTO `location_in_cemetery` VALUES (65,"Hope's Rest Section Hope's Rest Lane Lot 89");INSERT INTO `location_in_cemetery` VALUES (66,"Thomas Section 4th Lane (Left) Lot T49");INSERT INTO `location_in_cemetery` VALUES (67,"Hope's Rest Section 4th Lane (Left) Lot 143B");INSERT INTO `location_in_cemetery` VALUES (68,"Hope's Rest Section 1st Lane (Right) Lot 220A");INSERT INTO `location_in_cemetery` VALUES (69,"Hope's Rest Section 7th Lane (Left) Lot 35");INSERT INTO `location_in_cemetery` VALUES (70,"Hope's Rest Section 6th Lane (Left) Lot 95");INSERT INTO `location_in_cemetery` VALUES (71,"Hope's Rest Section 1st Lane (Right) Lot 226A");INSERT INTO `location_in_cemetery` VALUES (72,"Hope's Rest Section 5th Lane Lot Jones Tomb");INSERT INTO `location_in_cemetery` VALUES (73,"East of Chapel Row 7 Lot 32");INSERT INTO `location_in_cemetery` VALUES (74,"Ewer Section 3rd Lane (Right) Lot E30");INSERT INTO `location_in_cemetery` VALUES (75,"Hope's Rest Section Hope's Rest Lane Lot 82");INSERT INTO `location_in_cemetery` VALUES (76,"Hope's Rest Section 3rd Lane (Right) Lot 184");INSERT INTO `location_in_cemetery` VALUES (77,"Ewer Section 1st Lane (Left) Lot E9");INSERT INTO `location_in_cemetery` VALUES (78,"Hope's Rest Section 4th Lane (Left-Middle) Lot 139A");INSERT INTO `location_in_cemetery` VALUES (79,"Hope's Rest Section Hope's Rest Lane Lot 100");INSERT INTO `location_in_cemetery` VALUES (80,"Hope's Rest Section Hope's Rest Lane Lot 127");INSERT INTO `location_in_cemetery` VALUES (81,"West of Chapel Row 1 Lot 32");INSERT INTO `location_in_cemetery` VALUES (82,"Hope's Rest Section Hope's Rest Lane Lot 71A Rear");INSERT INTO `location_in_cemetery` VALUES (83,"Ewer Section 2nd Lane (Left) Lot E23");INSERT INTO `location_in_cemetery` VALUES (84,"Ewer Section 2nd Lane (Right) Lot E18");INSERT INTO `location_in_cemetery` VALUES (85,"Hope's Rest Section 8th Lane (Right) Lot 48");INSERT INTO `location_in_cemetery` VALUES (86,"West of Chapel Row 1 Lot 17");INSERT INTO `location_in_cemetery` VALUES (87,"Hopes Rest Section 4th Lane (Left) Lot 152");INSERT INTO `location_in_cemetery` VALUES (88,"West of Chapel Row 11 Lot 7");INSERT INTO `find_a_grave_memorial_number` VALUES (0,139912678);INSERT INTO `find_a_grave_memorial_number` VALUES (6,161166372);INSERT INTO `find_a_grave_memorial_number` VALUES (7,51927042);INSERT INTO `find_a_grave_memorial_number` VALUES (8,175651668);INSERT INTO `find_a_grave_memorial_number` VALUES (11,107204268);INSERT INTO `find_a_grave_memorial_number` VALUES (12,107202704);INSERT INTO `find_a_grave_memorial_number` VALUES (14,157682926);INSERT INTO `find_a_grave_memorial_number` VALUES (23,107175563);INSERT INTO `find_a_grave_memorial_number` VALUES (24,175651024);INSERT INTO `find_a_grave_memorial_number` VALUES (28,104403888);INSERT INTO `find_a_grave_memorial_number` VALUES (30,107277473);INSERT INTO `find_a_grave_memorial_number` VALUES (31,107172828);INSERT INTO `find_a_grave_memorial_number` VALUES (33,157718480);INSERT INTO `find_a_grave_memorial_number` VALUES (36,107177079);INSERT INTO `find_a_grave_memorial_number` VALUES (37,107177722);INSERT INTO `find_a_grave_memorial_number` VALUES (39,157096592);INSERT INTO `find_a_grave_memorial_number` VALUES (46,157671724);INSERT INTO `find_a_grave_memorial_number` VALUES (47,157683339);INSERT INTO `find_a_grave_memorial_number` VALUES (51,157688974);INSERT INTO `find_a_grave_memorial_number` VALUES (52,157758554);INSERT INTO `find_a_grave_memorial_number` VALUES (59,107262605);INSERT INTO `find_a_grave_memorial_number` VALUES (60,157671562);INSERT INTO `find_a_grave_memorial_number` VALUES (61,175651500);INSERT INTO `find_a_grave_memorial_number` VALUES (62,157681333);INSERT INTO `find_a_grave_memorial_number` VALUES (66,175651554);INSERT INTO `find_a_grave_memorial_number` VALUES (73,157609818);INSERT INTO `find_a_grave_memorial_number` VALUES (74,143414599);INSERT INTO `find_a_grave_memorial_number` VALUES (77,171297825);INSERT INTO `find_a_grave_memorial_number` VALUES (81,107172066);INSERT INTO `find_a_grave_memorial_number` VALUES (85,157681379);INSERT INTO `find_a_grave_memorial_number` VALUES (86,107172371);INSERT INTO `find_a_grave_memorial_number` VALUES (88,107176195);INSERT INTO `cenotaphs` VALUES (32,"Buried in Arlington National Cemetery");INSERT INTO `cenotaphs` VALUES (77,"Internment in Virginia");INSERT INTO `notes` VALUES (3,"Misplaced Marker?");INSERT INTO `notes` VALUES (6,"Died in Bayonne of a cerebral hemorrhage, was buried there with full military honors; Body arrived Middleborough, MA. in early November 1920 for funeral and interment at Hope Rest Cemetery");INSERT INTO `notes` VALUES (9,"Military Flat Stone");INSERT INTO `notes` VALUES (10,"66th year");INSERT INTO `notes` VALUES (12,"Died of Typhoid Fever in the Columbian Hospital Washington DC");INSERT INTO `notes` VALUES (13,"Flat to the ground Stone");INSERT INTO `notes` VALUES (33,"Aged 70 yrs 4 ms");INSERT INTO `notes` VALUES (39,"Hidden in Small trees on Left side of Row 5");INSERT INTO `notes` VALUES (43,"Mason");INSERT INTO `notes` VALUES (63,"Wife Gladys was a member of Ladies Auxiliary (Medallion)");INSERT INTO `notes` VALUES (64,"Personal Family placed plaque US Army");INSERT INTO `notes` VALUES (72,"No Name on Tomb but Internment List has John J Jones as the Owner");INSERT INTO `notes` VALUES (75,"Internment List says LANDER, Stone says LAUDER");INSERT INTO `notes` VALUES (77,"Battle of Winchester");INSERT INTO `father_name` VALUES (0,"Charles W Allen");INSERT INTO `father_name` VALUES (7,"Harry T. Anderson");INSERT INTO `father_name` VALUES (11,"Andrew Benson 1809–1885");INSERT INTO `father_name` VALUES (12,"Asa Benson 1794–1875");INSERT INTO `father_name` VALUES (28,"Abisha Tinkham Clark 1783–1854");INSERT INTO `father_name` VALUES (32,"Ralph Clark");INSERT INTO `father_name` VALUES (33,"Noah Clark 1782–1841");INSERT INTO `father_name` VALUES (36,"Samuel Cobb 1752–1842");INSERT INTO `father_name` VALUES (46,"William F. Dunham 1859–1904");INSERT INTO `father_name` VALUES (50,"William H. Dunham 1834–1897");INSERT INTO `father_name` VALUES (51,"Jacob Dunham 1794–1860");INSERT INTO `father_name` VALUES (52,"Samuel Eastman");INSERT INTO `father_name` VALUES (55,"Guy N Elmes Sr 1913-1976");INSERT INTO `father_name` VALUES (59,"John Flansburg");INSERT INTO `father_name` VALUES (60,"Laban Forbes 1797–1871");INSERT INTO `father_name` VALUES (62,"Andrew Bradford Gibbs 1854–1937");INSERT INTO `father_name` VALUES (77,"Horatio Leonard 1816–1880");INSERT INTO `mother_name` VALUES (0,"Malinda (Burton) Allen");INSERT INTO `mother_name` VALUES (7,"Mae C. (Long) Anderson");INSERT INTO `mother_name` VALUES (11,"Charity (Ashley) Benson 1810–1874");INSERT INTO `mother_name` VALUES (12,"Sarah (Shaw) Benson 1796–1865");INSERT INTO `mother_name` VALUES (28,"Patience Cushman (Wood) Clark 1792–1868");INSERT INTO `mother_name` VALUES (32,"Lottie (Thomas) Clark");INSERT INTO `mother_name` VALUES (33,"Elizabeth E (Canedy) Clark 1786–1849");INSERT INTO `mother_name` VALUES (36,"Sarah (Cushman) Cobb 1743–1834");INSERT INTO `mother_name` VALUES (46,"Rebecca M. (Maxwell) Dunham 1864–1941");INSERT INTO `mother_name` VALUES (50,"Mary (Young) Gifford Dunham 1838–1924");INSERT INTO `mother_name` VALUES (51,"Eliza (Bump) Dunham 1793–1880");INSERT INTO `mother_name` VALUES (52,"Mary");INSERT INTO `mother_name` VALUES (52,"Mercy Ann Eastman");INSERT INTO `mother_name` VALUES (55,"Viola Elmes 1914-1994");INSERT INTO `mother_name` VALUES (59,"Elizabeth W Flansburg");INSERT INTO `mother_name` VALUES (60,"Hannah (Richmond) Forbes 1795–1866");INSERT INTO `mother_name` VALUES (62,"Dora Blanche (Tinkham) Gibbs 1854–1934");INSERT INTO `mother_name` VALUES (77,"Emeline H (Tobey) Leonard 1818–1902");INSERT INTO `spouse_name` VALUES (0,"Doris Allen");INSERT INTO `spouse_name` VALUES (2,"Laura A (Gibbs) Allen 1864-1933");INSERT INTO `spouse_name` VALUES (7,"Norine A. (Houlihan) Anderson");INSERT INTO `spouse_name` VALUES (8,"Ellen J Barrows 1838–1910");INSERT INTO `spouse_name` VALUES (9,"Helen S (Dohner) Bemis 1898");INSERT INTO `spouse_name` VALUES (11,"Sarah H (Reynolds) Benson 1835–1860");INSERT INTO `spouse_name` VALUES (11,"Roxanna Swift (Bishop) Benson 1841–1906");INSERT INTO `spouse_name` VALUES (14,"Almira H (Freeman) Bishop 1816–1893");INSERT INTO `spouse_name` VALUES (15,"Sharon R Braley 1946-1998");INSERT INTO `spouse_name` VALUES (17,"Vera N (Haywood) Caldwell 1894-1980");INSERT INTO `spouse_name` VALUES (23,"Patience (Bates) Carver 1754 – 1788");INSERT INTO `spouse_name` VALUES (23,"Milleson (Harlow) Carver 1752 – 1813");INSERT INTO `spouse_name` VALUES (23,"Mercy (Payne) Carver unknown – 1840");INSERT INTO `spouse_name` VALUES (24,"Susan F Caswell 1849 – 1925");INSERT INTO `spouse_name` VALUES (26,"Eunice L Churchill 1926-2003");INSERT INTO `spouse_name` VALUES (28,"Elizabeth Perry (Benson) Clark 1821–1906");INSERT INTO `spouse_name` VALUES (30,"Florence A (Howes) Clark 1877–1962");INSERT INTO `spouse_name` VALUES (31,"Lucy (Tinkham) Clark unknown–1834");INSERT INTO `spouse_name` VALUES (33,"Mary (Marble) Clark unknown–1842");INSERT INTO `spouse_name` VALUES (33,"Catherine G. (Daggett) Clark 1818–1874");INSERT INTO `spouse_name` VALUES (34,"Ruth S (Sampson) Clark 1932-");INSERT INTO `spouse_name` VALUES (35,"Margaret I Clark 1912-2006");INSERT INTO `spouse_name` VALUES (36,"Deliverance (Clark) Cobb 1784–1865");INSERT INTO `spouse_name` VALUES (37,"Julia S. (Barrows) Cobb 1814–1897");INSERT INTO `spouse_name` VALUES (39,"Drusilla (Howland) Cole");INSERT INTO `spouse_name` VALUES (42,"Lizzie W Cushman 187-1965");INSERT INTO `spouse_name` VALUES (43,"Annette P Delano 1928-2019");INSERT INTO `spouse_name` VALUES (47,"S Olive Dunham 1896-1974");INSERT INTO `spouse_name` VALUES (50,"Rebecca M. (Maxwell) Dunham 1864–1941");INSERT INTO `spouse_name` VALUES (51,"Mary (Young) Gifford Dunham 1838–1924");INSERT INTO `spouse_name` VALUES (52,"Priscilla Clark (Pratt) Eastman 1838–1909");INSERT INTO `spouse_name` VALUES (54,"Mabel Francis (Awde) Elliott 1878-1946");INSERT INTO `spouse_name` VALUES (56,"Viola Elmes 1914-1994");INSERT INTO `spouse_name` VALUES (58,"Viola J Enos -1988");INSERT INTO `spouse_name` VALUES (59,"Anna M. (Harlow) Flansburg 1829–1920");INSERT INTO `spouse_name` VALUES (60,"Hannah Snow (Perkins) Forbes unknown–1882");INSERT INTO `spouse_name` VALUES (61,"Emily V (Ryder) Fuller 1847–1875");INSERT INTO `spouse_name` VALUES (61,"Rubie J S (Barrows) Fuller 1851–1923");INSERT INTO `spouse_name` VALUES (63,"Gladys Goudreau 1916-1994");INSERT INTO `spouse_name` VALUES (64,"Carolyn J Granfield 1945-");INSERT INTO `spouse_name` VALUES (66,"Armena Hall 1826–1873");INSERT INTO `spouse_name` VALUES (68,"Eva B Hood 1904-1982");INSERT INTO `spouse_name` VALUES (70,"Ida M Hunter 1883-1967");INSERT INTO `spouse_name` VALUES (71,"Rita May Johnson 1930-2003");INSERT INTO `spouse_name` VALUES (72,"Hope S Jones 181-1881");INSERT INTO `spouse_name` VALUES (73,"Cloe (Packard) Keith 1739–1820");INSERT INTO `spouse_name` VALUES (76,"Eleanor Emma (Coombs) LeFebre 1941-Unknown");INSERT INTO `spouse_name` VALUES (81,"Ruhamah (Powers) Baker 1833–1925");INSERT INTO `spouse_name` VALUES (82,"Mary A Mller 190-1978");INSERT INTO `spouse_name` VALUES (84,"Evelyn D Moore 1927-1972");INSERT INTO `spouse_name` VALUES (86,"Charity (Haskell) Nelson 1750–1787");INSERT INTO `spouse_name` VALUES (86,"Anna Nelson unknown–1810");INSERT INTO `spouse_name` VALUES (87,"Ruth G (Wilbur) Olson 1905-1992");INSERT INTO `spouse_name` VALUES (88,"Jemima (Caswell) Peirce 1762–1828");INSERT INTO `count` VALUES (0,282);INSERT INTO `count` VALUES (6,607);INSERT INTO `count` VALUES (10,855);INSERT INTO `count` VALUES (30,578);INSERT INTO `count` VALUES (35,343);INSERT INTO `count` VALUES (52,700);INSERT INTO `count` VALUES (60,739);INSERT INTO `count` VALUES (61,46);INSERT INTO `count` VALUES (63,625);INSERT INTO `count` VALUES (70,888);INSERT INTO `count` VALUES (83,1000);INSERT INTO `count` VALUES (86,42);INSERT INTO `resident_id` VALUES (0,"06DDD1348001");INSERT INTO `resident_id` VALUES (6,"08MGE2725002");INSERT INTO `resident_id` VALUES (10,"06SMS1227000");INSERT INTO `resident_id` VALUES (30,"11MGD2842000");INSERT INTO `resident_id` VALUES (35,"04FDD2947000");INSERT INTO `resident_id` VALUES (52,"12PAR2333000");INSERT INTO `resident_id` VALUES (60,"11RML0357001");INSERT INTO `resident_id` VALUES (61,"05BSN2042000");INSERT INTO `resident_id` VALUES (63,"01MDD1664000");INSERT INTO `resident_id` VALUES (70,"05SPL1647000");INSERT INTO `resident_id` VALUES (83,"04WGG1923000");INSERT INTO `resident_id` VALUES (86,"04BWM1527002");